appointment_id,customer_id,vehicle_id,location_id,technician_id,bay_number,service_code,scheduled_start,scheduled_end,booked_at,status,channel_created
APT-0000001,CUST-009769,VEH-012588,1,T002,10,TIRE-REP,2023-10-02T15:00:00,2023-10-02T15:30:00,2023-09-30T06:00:00,completed,walk_in
APT-0000002,CUST-016755,VEH-022283,1,T002,2,DIAG-CEL,2023-10-02T12:15:00,2023-10-02T13:15:00,2023-09-27T21:00:00,completed,walk_in
APT-0000003,CUST-010545,VEH-013674,1,T008,6,TIRE-ROT,2023-10-02T09:00:00,2023-10-02T09:38:00,2023-09-25T22:00:00,completed,phone
APT-0000004,CUST-005176,VEH-006184,1,T003,7,DIAG-NOISE,2023-10-02T11:45:00,2023-10-02T12:53:00,2023-09-02T11:00:00,completed,phone
APT-0000005,CUST-013258,VEH-017395,1,T001,4,TIRE-REP,2023-10-02T14:15:00,2023-10-02T14:51:00,2023-09-17T18:00:00,completed,phone
APT-0000006,CUST-013819,VEH-018171,1,T004,3,OIL-SYN,2023-10-02T10:45:00,2023-10-02T11:09:00,2023-09-13T10:00:00,completed,phone
APT-0000007,CUST-012808,VEH-016798,1,T001,5,DIAG-CEL,2023-10-02T14:00:00,2023-10-02T14:54:00,2023-09-04T15:00:00,completed,walk_in
APT-0000008,CUST-008333,VEH-010583,1,T004,8,ALIGN-4W,2023-10-02T10:45:00,2023-10-02T11:47:00,2023-09-14T21:00:00,completed,phone
APT-0000009,CUST-014022,VEH-018438,1,T005,8,TIRE-ROT,2023-10-02T09:15:00,2023-10-02T09:42:00,2023-09-26T07:00:00,completed,walk_in
APT-0000010,CUST-011367,VEH-014815,1,T004,3,OIL-CONV,2023-10-02T10:00:00,2023-10-02T10:37:00,2023-09-30T22:00:00,completed,phone
APT-0000011,CUST-011993,VEH-015671,1,T004,9,OIL-SYN,2023-10-02T08:45:00,2023-10-02T09:20:00,2023-09-10T07:00:00,completed,phone
APT-0000012,CUST-004540,VEH-005277,1,T002,3,TIRE-ROT,2023-10-02T12:15:00,2023-10-02T12:43:00,2023-09-14T22:00:00,completed,walk_in
APT-0000013,CUST-008048,VEH-010187,1,T003,5,AC-SVC,2023-10-02T10:15:00,2023-10-02T11:30:00,2023-09-22T09:00:00,no_show,phone
APT-0000014,CUST-013668,VEH-017952,1,T001,10,SVC-30K,2023-10-02T15:00:00,2023-10-02T17:15:00,2023-09-23T18:00:00,completed,walk_in
APT-0000015,CUST-013921,VEH-018306,1,T004,13,AC-SVC,2023-10-02T13:00:00,2023-10-02T14:21:00,2023-09-30T05:00:00,completed,phone
APT-0000016,CUST-015935,VEH-021133,1,T007,7,BRAKE-PAD-R,2023-10-02T12:30:00,2023-10-02T14:16:00,2023-09-04T23:00:00,completed,walk_in
APT-0000017,CUST-005970,VEH-007284,1,T005,1,OIL-CONV,2023-10-02T10:00:00,2023-10-02T10:33:00,2023-09-13T05:00:00,completed,walk_in
APT-0000018,CUST-012221,VEH-015995,1,T008,14,BRAKE-PAD-F,2023-10-02T07:00:00,2023-10-02T08:42:00,2023-09-11T16:00:00,completed,phone
APT-0000019,CUST-015321,VEH-020252,1,T003,3,SUSP-STRUT,2023-10-02T12:00:00,2023-10-02T14:40:00,2023-10-01T11:00:00,completed,phone
APT-0000020,CUST-015514,VEH-020528,1,T003,13,OIL-SYN,2023-10-02T07:30:00,2023-10-02T08:03:00,2023-09-26T23:00:00,cancelled,phone
APT-0000021,CUST-015293,VEH-020212,1,T008,11,OIL-CONV,2023-10-02T15:30:00,2023-10-02T15:57:00,2023-09-18T16:00:00,completed,walk_in
APT-0000022,CUST-015707,VEH-020802,1,T001,7,TIRE-REPL,2023-10-02T10:45:00,2023-10-02T12:06:00,2023-09-15T05:00:00,completed,phone
APT-0000023,CUST-010320,VEH-013368,1,T003,12,TIRE-ROT,2023-10-02T15:30:00,2023-10-02T16:04:00,2023-09-30T10:00:00,completed,phone
APT-0000024,CUST-006256,VEH-007682,1,T005,1,SVC-30K,2023-10-02T14:30:00,2023-10-02T16:56:00,2023-09-17T08:00:00,completed,phone
APT-0000025,CUST-000749,VEH-000795,1,T004,3,SVC-30K,2023-10-02T08:30:00,2023-10-02T10:46:00,2023-09-12T17:00:00,completed,phone
APT-0000026,CUST-006917,VEH-008597,1,T003,5,SUSP-STRUT,2023-10-02T15:15:00,2023-10-02T17:54:00,2023-09-15T06:00:00,completed,walk_in
APT-0000027,CUST-015329,VEH-020263,1,T005,8,DIAG-NOISE,2023-10-02T09:45:00,2023-10-02T10:39:00,2023-09-12T09:00:00,completed,walk_in
APT-0000028,CUST-007013,VEH-008726,1,T003,1,OIL-CONV,2023-10-02T07:00:00,2023-10-02T07:25:00,2023-09-02T21:00:00,completed,walk_in
APT-0000029,CUST-001430,VEH-001510,1,T002,14,ALIGN-4W,2023-10-02T15:45:00,2023-10-02T16:46:00,2023-09-10T05:00:00,completed,walk_in
APT-0000030,CUST-014707,VEH-019398,1,T002,1,WIPER-REPL,2023-10-02T07:30:00,2023-10-02T07:45:00,2023-09-13T23:00:00,cancelled,walk_in
APT-0000031,CUST-009373,VEH-012036,1,T005,8,TIRE-ROT,2023-10-02T10:45:00,2023-10-02T11:17:00,2023-09-03T05:00:00,no_show,phone
APT-0000032,CUST-014036,VEH-018456,1,T007,7,OIL-CONV,2023-10-02T15:45:00,2023-10-02T16:11:00,2023-09-02T13:00:00,completed,walk_in
APT-0000033,CUST-000548,VEH-000583,1,T003,2,BRAKE-PAD-R,2023-10-03T10:45:00,2023-10-03T12:25:00,2023-09-20T07:00:00,completed,phone
APT-0000034,CUST-017914,VEH-023884,1,T001,7,TIRE-ROT,2023-10-03T08:30:00,2023-10-03T09:05:00,2023-09-28T11:00:00,completed,phone
APT-0000035,CUST-007883,VEH-009952,1,T007,12,TRANS-SVC,2023-10-03T10:30:00,2023-10-03T12:27:00,2023-10-02T11:00:00,completed,phone
APT-0000036,CUST-006986,VEH-008685,1,T004,5,OIL-SYN,2023-10-03T11:15:00,2023-10-03T11:51:00,2023-09-30T10:00:00,completed,phone
APT-0000037,CUST-013089,VEH-017174,1,T004,9,BATTERY-REPL,2023-10-03T13:15:00,2023-10-03T13:44:00,2023-09-05T10:00:00,completed,phone
APT-0000038,CUST-011326,VEH-014763,1,T008,6,DIAG-NOISE,2023-10-03T10:30:00,2023-10-03T11:38:00,2023-09-19T20:00:00,completed,phone
APT-0000039,CUST-001449,VEH-001529,1,T001,11,TIRE-REP,2023-10-03T07:30:00,2023-10-03T08:12:00,2023-09-07T16:00:00,completed,phone
APT-0000040,CUST-003401,VEH-003671,1,T003,8,DIAG-NOISE,2023-10-03T10:00:00,2023-10-03T10:49:00,2023-09-24T10:00:00,cancelled,phone
APT-0000041,CUST-005962,VEH-007274,1,T005,4,TIRE-REPL,2023-10-03T08:45:00,2023-10-03T10:09:00,2023-10-02T19:00:00,completed,phone
APT-0000042,CUST-014864,VEH-019623,1,T002,11,ALT-REPL,2023-10-03T08:30:00,2023-10-03T10:04:00,2023-09-25T17:00:00,no_show,walk_in
APT-0000043,CUST-004606,VEH-005368,1,T002,4,OIL-SYN,2023-10-03T14:15:00,2023-10-03T14:51:00,2023-09-14T11:00:00,completed,phone
APT-0000044,CUST-001970,VEH-002075,1,T006,4,AC-SVC,2023-10-03T12:15:00,2023-10-03T13:40:00,2023-09-08T22:00:00,completed,phone
APT-0000045,CUST-004274,VEH-004908,1,T001,10,RECALL-SVC,2023-10-03T12:15:00,2023-10-03T13:51:00,2023-09-18T06:00:00,completed,walk_in
APT-0000046,CUST-016483,VEH-021887,1,T005,6,STATE-INSP,2023-10-03T11:45:00,2023-10-03T12:18:00,2023-09-21T09:00:00,completed,phone
APT-0000047,CUST-007507,VEH-009423,1,T002,2,SUSP-STRUT,2023-10-03T13:45:00,2023-10-03T16:22:00,2023-09-16T17:00:00,no_show,walk_in
APT-0000048,CUST-004926,VEH-005818,1,T003,13,STATE-INSP,2023-10-03T09:45:00,2023-10-03T10:19:00,2023-09-30T22:00:00,completed,walk_in
APT-0000049,CUST-002996,VEH-003164,1,T004,4,TIRE-ROT,2023-10-03T07:45:00,2023-10-03T08:19:00,2023-09-28T11:00:00,cancelled,phone
APT-0000050,CUST-005501,VEH-006641,1,T007,5,BRAKE-PAD-F,2023-10-03T11:15:00,2023-10-03T13:06:00,2023-09-25T07:00:00,completed,walk_in
APT-0000051,CUST-017464,VEH-023278,1,T003,12,OIL-CONV,2023-10-03T07:30:00,2023-10-03T08:00:00,2023-09-04T13:00:00,completed,phone
APT-0000052,CUST-010485,VEH-013591,1,T003,7,TIRE-ROT,2023-10-03T14:30:00,2023-10-03T14:55:00,2023-09-18T15:00:00,completed,walk_in
APT-0000053,CUST-011700,VEH-015259,1,T004,9,TIRE-ROT,2023-10-03T10:00:00,2023-10-03T10:27:00,2023-09-06T15:00:00,completed,walk_in
APT-0000054,CUST-010670,VEH-013845,1,T003,4,BRAKE-PAD-R,2023-10-03T08:00:00,2023-10-03T09:32:00,2023-09-28T15:00:00,no_show,phone
APT-0000055,CUST-004283,VEH-004920,1,T005,4,TIRE-ROT,2023-10-03T07:00:00,2023-10-03T07:33:00,2023-09-27T15:00:00,completed,phone
APT-0000056,CUST-007328,VEH-009179,1,T001,4,TIRE-ROT,2023-10-03T08:30:00,2023-10-03T08:59:00,2023-09-16T05:00:00,completed,phone
APT-0000057,CUST-001216,VEH-001280,1,T005,4,SUSP-STRUT,2023-10-03T08:00:00,2023-10-03T10:18:00,2023-09-07T19:00:00,completed,walk_in
APT-0000058,CUST-013825,VEH-018178,1,T004,11,STATE-INSP,2023-10-03T15:00:00,2023-10-03T15:35:00,2023-09-26T20:00:00,completed,phone
APT-0000059,CUST-006771,VEH-008398,1,T007,2,TIRE-ROT,2023-10-03T11:45:00,2023-10-03T12:17:00,2023-09-09T08:00:00,no_show,walk_in
APT-0000060,CUST-017358,VEH-023147,1,T006,11,TIRE-REPL,2023-10-04T11:30:00,2023-10-04T12:47:00,2023-09-16T20:00:00,cancelled,phone
APT-0000061,CUST-017850,VEH-023794,1,T002,9,BRAKE-PAD-R,2023-10-04T11:00:00,2023-10-04T12:37:00,2023-09-30T13:00:00,no_show,phone
APT-0000062,CUST-006698,VEH-008290,1,T002,7,AC-SVC,2023-10-04T12:30:00,2023-10-04T13:47:00,2023-09-08T05:00:00,completed,phone
APT-0000063,CUST-005794,VEH-007043,1,T007,6,DIAG-CEL,2023-10-04T07:45:00,2023-10-04T08:34:00,2023-09-16T21:00:00,completed,walk_in
APT-0000064,CUST-010628,VEH-013790,1,T003,10,BRAKE-PAD-F,2023-10-04T15:00:00,2023-10-04T16:34:00,2023-09-11T13:00:00,no_show,walk_in
APT-0000065,CUST-017233,VEH-022976,1,T003,12,TRANS-SVC,2023-10-04T15:30:00,2023-10-04T17:31:00,2023-09-24T11:00:00,completed,walk_in
APT-0000066,CUST-007452,VEH-009353,1,T001,3,OIL-SYN,2023-10-04T07:30:00,2023-10-04T07:57:00,2023-09-07T14:00:00,completed,phone
APT-0000067,CUST-011657,VEH-015200,1,T002,3,WIPER-REPL,2023-10-04T14:30:00,2023-10-04T14:45:00,2023-09-14T19:00:00,completed,phone
APT-0000068,CUST-002125,VEH-002243,1,T002,6,TIRE-REP,2023-10-04T15:45:00,2023-10-04T16:28:00,2023-09-06T10:00:00,completed,phone
APT-0000069,CUST-010933,VEH-014218,1,T004,14,OIL-CONV,2023-10-04T14:45:00,2023-10-04T15:22:00,2023-09-16T18:00:00,completed,walk_in
APT-0000070,CUST-003944,VEH-004449,1,T002,13,TIRE-ROT,2023-10-04T13:00:00,2023-10-04T13:29:00,2023-09-20T05:00:00,completed,walk_in
APT-0000071,CUST-012268,VEH-016057,1,T003,9,TIRE-ROT,2023-10-04T07:00:00,2023-10-04T07:30:00,2023-09-26T07:00:00,completed,phone
APT-0000072,CUST-016590,VEH-022051,1,T005,6,DIAG-CEL,2023-10-04T07:45:00,2023-10-04T08:42:00,2023-09-28T06:00:00,completed,walk_in
APT-0000073,CUST-014778,VEH-019502,1,T003,10,OIL-SYN,2023-10-04T12:45:00,2023-10-04T13:11:00,2023-09-30T19:00:00,completed,walk_in
APT-0000074,CUST-002687,VEH-002841,1,T008,10,TIRE-ROT,2023-10-04T07:00:00,2023-10-04T07:34:00,2023-10-01T08:00:00,completed,phone
APT-0000075,CUST-006754,VEH-008373,1,T006,3,BATTERY-REPL,2023-10-04T09:00:00,2023-10-04T09:32:00,2023-10-03T06:00:00,completed,phone
APT-0000076,CUST-013464,VEH-017677,1,T007,14,STATE-INSP,2023-10-04T11:30:00,2023-10-04T12:12:00,2023-09-05T11:00:00,completed,walk_in
APT-0000077,CUST-008747,VEH-011136,1,T005,14,OIL-SYN,2023-10-04T09:45:00,2023-10-04T10:09:00,2023-09-26T07:00:00,completed,walk_in
APT-0000078,CUST-004973,VEH-005883,1,T002,5,COOLANT-FLUSH,2023-10-04T11:15:00,2023-10-04T12:15:00,2023-09-13T18:00:00,completed,walk_in
APT-0000079,CUST-008011,VEH-010133,1,T001,4,OIL-CONV,2023-10-04T11:30:00,2023-10-04T12:01:00,2023-09-18T17:00:00,completed,phone
APT-0000080,CUST-008312,VEH-010554,1,T008,2,BATTERY-REPL,2023-10-04T10:45:00,2023-10-04T11:17:00,2023-09-07T18:00:00,completed,walk_in
APT-0000081,CUST-001377,VEH-001454,1,T003,5,DIAG-CEL,2023-10-04T15:15:00,2023-10-04T16:05:00,2023-09-25T11:00:00,completed,phone
APT-0000082,CUST-004291,VEH-004930,1,T001,12,OIL-SYN,2023-10-04T14:45:00,2023-10-04T15:14:00,2023-09-22T05:00:00,completed,phone
APT-0000083,CUST-014545,VEH-019188,1,T007,4,AC-SVC,2023-10-04T09:15:00,2023-10-04T10:42:00,2023-09-11T13:00:00,completed,phone
APT-0000084,CUST-014565,VEH-019212,1,T005,2,AC-SVC,2023-10-04T10:00:00,2023-10-04T11:22:00,2023-09-11T14:00:00,completed,walk_in
APT-0000085,CUST-017831,VEH-023769,1,T007,12,DIAG-NOISE,2023-10-04T09:30:00,2023-10-04T10:27:00,2023-09-24T08:00:00,completed,phone
APT-0000086,CUST-014888,VEH-019655,1,T005,1,STATE-INSP,2023-10-04T13:45:00,2023-10-04T14:21:00,2023-09-06T16:00:00,completed,phone
APT-0000087,CUST-011425,VEH-014893,1,T002,11,OIL-SYN,2023-10-05T11:45:00,2023-10-05T12:11:00,2023-10-01T19:00:00,completed,walk_in
APT-0000088,CUST-002275,VEH-002400,1,T003,4,OIL-SYN,2023-10-05T09:30:00,2023-10-05T09:58:00,2023-09-14T11:00:00,completed,phone
APT-0000089,CUST-008105,VEH-010264,1,T006,9,TIRE-ROT,2023-10-05T12:00:00,2023-10-05T12:33:00,2023-09-22T18:00:00,completed,walk_in
APT-0000090,CUST-001307,VEH-001379,1,T007,2,OIL-CONV,2023-10-05T14:15:00,2023-10-05T14:53:00,2023-09-22T08:00:00,completed,walk_in
APT-0000091,CUST-002416,VEH-002549,1,T003,10,TIRE-REPL,2023-10-05T07:15:00,2023-10-05T08:23:00,2023-09-14T07:00:00,cancelled,walk_in
APT-0000092,CUST-004449,VEH-005148,1,T004,12,TIRE-REP,2023-10-05T13:15:00,2023-10-05T13:50:00,2023-09-11T18:00:00,completed,walk_in
APT-0000093,CUST-016801,VEH-022356,1,T007,9,OIL-SYN,2023-10-05T15:15:00,2023-10-05T15:41:00,2023-09-30T17:00:00,completed,phone
APT-0000094,CUST-017254,VEH-023006,1,T002,2,SVC-60K,2023-10-05T09:45:00,2023-10-05T12:55:00,2023-10-04T05:00:00,completed,walk_in
APT-0000095,CUST-003446,VEH-003730,1,T008,12,OIL-SYN,2023-10-05T09:00:00,2023-10-05T09:38:00,2023-09-26T18:00:00,completed,phone
APT-0000096,CUST-008121,VEH-010283,1,T001,8,TIRE-REP,2023-10-05T09:00:00,2023-10-05T09:33:00,2023-09-15T17:00:00,completed,phone
APT-0000097,CUST-014660,VEH-019335,1,T008,12,OIL-SYN,2023-10-05T15:45:00,2023-10-05T16:11:00,2023-09-20T15:00:00,completed,walk_in
APT-0000098,CUST-009921,VEH-012807,1,T004,13,DIAG-CEL,2023-10-05T10:30:00,2023-10-05T11:18:00,2023-09-15T21:00:00,completed,phone
APT-0000099,CUST-004448,VEH-005147,1,T003,6,OIL-CONV,2023-10-05T11:30:00,2023-10-05T11:57:00,2023-09-16T21:00:00,no_show,walk_in
APT-0000100,CUST-000806,VEH-000853,1,T006,6,BRAKE-PAD-R,2023-10-05T14:45:00,2023-10-05T16:42:00,2023-09-28T19:00:00,completed,phone
