conversation_id,customer_id,location_id,channel,started_at,ended_at,contained,escalated,resulting_appointment_id,intent
CONV-0000001,CUST-015388,1,voice,2025-09-09T21:00:00,2025-09-09T21:04:00,True,False,APT-0017505,book_service
CONV-0000002,CUST-000761,1,chat,2025-09-19T12:00:00,2025-09-19T12:10:00,True,False,APT-0017507,book_service
CONV-0000003,CUST-006618,1,voice,2025-09-15T07:00:00,2025-09-15T07:05:00,True,False,APT-0017510,book_service
CONV-0000004,CUST-003830,1,chat,2025-09-11T08:00:00,2025-09-11T08:07:00,True,False,APT-0017511,book_service
CONV-0000005,CUST-003136,1,voice,2025-09-16T23:00:00,2025-09-16T23:02:00,True,False,APT-0017512,book_service
CONV-0000006,CUST-011487,1,chat,2025-08-26T18:00:00,2025-08-26T18:06:00,True,False,APT-0017513,book_service
CONV-0000007,CUST-009817,1,voice,2025-09-21T12:00:00,2025-09-21T12:08:00,True,False,APT-0017514,book_service
CONV-0000008,CUST-015443,1,voice,2025-08-29T23:00:00,2025-08-29T23:08:00,True,False,APT-0017515,book_service
CONV-0000009,CUST-006875,1,voice,2025-09-14T13:00:00,2025-09-14T13:05:00,True,False,APT-0017516,book_service
CONV-0000010,CUST-017194,1,chat,2025-08-30T10:00:00,2025-08-30T10:05:00,True,False,APT-0017520,book_service
CONV-0000011,CUST-014466,1,voice,2025-09-14T17:00:00,2025-09-14T17:04:00,True,False,APT-0017521,book_service
CONV-0000012,CUST-011877,1,chat,2025-08-25T18:00:00,2025-08-25T18:03:00,True,False,APT-0017527,book_service
CONV-0000013,CUST-002343,1,chat,2025-09-11T15:00:00,2025-09-11T15:05:00,True,False,APT-0017528,book_service
CONV-0000014,CUST-017876,1,voice,2025-08-28T06:00:00,2025-08-28T06:07:00,True,False,APT-0017530,book_service
CONV-0000015,CUST-004733,1,voice,2025-09-20T23:00:00,2025-09-20T23:02:00,True,False,APT-0017531,book_service
CONV-0000016,CUST-006520,1,chat,2025-09-19T09:00:00,2025-09-19T09:08:00,True,False,APT-0017534,book_service
CONV-0000017,CUST-015495,1,chat,2025-09-07T15:00:00,2025-09-07T15:11:00,True,False,APT-0017536,book_service
CONV-0000018,CUST-012283,1,chat,2025-09-06T19:00:00,2025-09-06T19:02:00,True,False,APT-0017537,book_service
CONV-0000019,CUST-010895,1,chat,2025-09-05T19:00:00,2025-09-05T19:11:00,True,False,APT-0017539,book_service
CONV-0000020,CUST-013702,1,chat,2025-09-21T08:00:00,2025-09-21T08:02:00,True,False,APT-0017540,book_service
CONV-0000021,CUST-014630,1,chat,2025-09-16T12:00:00,2025-09-16T12:10:00,True,False,APT-0017542,book_service
CONV-0000022,CUST-000545,1,voice,2025-09-05T07:00:00,2025-09-05T07:02:00,True,False,APT-0017543,book_service
CONV-0000023,CUST-008637,1,chat,2025-08-26T16:00:00,2025-08-26T16:04:00,True,False,APT-0017545,book_service
CONV-0000024,CUST-017177,1,chat,2025-08-26T08:00:00,2025-08-26T08:03:00,True,False,APT-0017548,book_service
CONV-0000025,CUST-015544,1,chat,2025-08-30T21:00:00,2025-08-30T21:10:00,True,False,APT-0017549,book_service
CONV-0000026,CUST-011061,1,chat,2025-09-14T06:00:00,2025-09-14T06:04:00,True,False,APT-0017550,book_service
CONV-0000027,CUST-004887,1,chat,2025-08-28T07:00:00,2025-08-28T07:09:00,True,False,APT-0017551,book_service
CONV-0000028,CUST-005642,1,chat,2025-08-28T23:00:00,2025-08-28T23:02:00,True,False,APT-0017552,book_service
CONV-0000029,CUST-006964,1,chat,2025-09-03T07:00:00,2025-09-03T07:10:00,True,False,APT-0017553,book_service
CONV-0000030,CUST-009652,1,voice,2025-08-27T22:00:00,2025-08-27T22:09:00,True,False,APT-0017554,book_service
CONV-0000031,CUST-007084,1,chat,2025-08-26T18:00:00,2025-08-26T18:06:00,True,False,APT-0017555,book_service
CONV-0000032,CUST-000195,1,chat,2025-08-28T07:00:00,2025-08-28T07:11:00,True,False,APT-0017556,book_service
CONV-0000033,CUST-004054,1,chat,2025-09-14T12:00:00,2025-09-14T12:11:00,True,False,APT-0017557,book_service
CONV-0000034,CUST-013372,1,voice,2025-09-09T16:00:00,2025-09-09T16:04:00,True,False,APT-0017560,book_service
CONV-0000035,CUST-010635,1,chat,2025-09-01T13:00:00,2025-09-01T13:05:00,True,False,APT-0017561,book_service
CONV-0000036,CUST-017498,1,chat,2025-09-25T07:00:00,2025-09-25T07:07:00,True,False,APT-0017563,book_service
CONV-0000037,CUST-006335,1,voice,2025-09-07T06:00:00,2025-09-07T06:11:00,True,False,APT-0017564,book_service
CONV-0000038,CUST-008537,1,chat,2025-09-20T13:00:00,2025-09-20T13:10:00,True,False,APT-0017565,book_service
CONV-0000039,CUST-009420,1,chat,2025-09-16T12:00:00,2025-09-16T12:09:00,True,False,APT-0017567,book_service
CONV-0000040,CUST-001255,1,chat,2025-08-29T22:00:00,2025-08-29T22:04:00,True,False,APT-0017569,book_service
CONV-0000041,CUST-014107,1,chat,2025-09-25T14:00:00,2025-09-25T14:05:00,True,False,APT-0017572,book_service
CONV-0000042,CUST-003671,1,chat,2025-08-29T23:00:00,2025-08-29T23:07:00,True,False,APT-0017573,book_service
CONV-0000043,CUST-000050,1,chat,2025-09-14T08:00:00,2025-09-14T08:04:00,True,False,APT-0017575,book_service
CONV-0000044,CUST-009295,1,voice,2025-09-21T14:00:00,2025-09-21T14:08:00,True,False,APT-0017578,book_service
CONV-0000045,CUST-009246,1,chat,2025-09-03T18:00:00,2025-09-03T18:11:00,True,False,APT-0017579,book_service
CONV-0000046,CUST-012466,1,chat,2025-08-28T07:00:00,2025-08-28T07:10:00,True,False,APT-0017581,book_service
CONV-0000047,CUST-016436,1,chat,2025-09-24T18:00:00,2025-09-24T18:09:00,True,False,APT-0017582,book_service
CONV-0000048,CUST-003467,1,voice,2025-08-31T06:00:00,2025-08-31T06:04:00,True,False,APT-0017583,book_service
CONV-0000049,CUST-013810,1,chat,2025-09-05T23:00:00,2025-09-05T23:11:00,True,False,APT-0017586,book_service
CONV-0000050,CUST-006591,1,chat,2025-09-14T21:00:00,2025-09-14T21:06:00,True,False,APT-0017588,book_service
CONV-0000051,CUST-012300,1,chat,2025-09-16T23:00:00,2025-09-16T23:09:00,True,False,APT-0017591,book_service
CONV-0000052,CUST-015390,1,chat,2025-09-19T17:00:00,2025-09-19T17:05:00,True,False,APT-0017593,book_service
CONV-0000053,CUST-010581,1,chat,2025-09-14T15:00:00,2025-09-14T15:07:00,True,False,APT-0017594,book_service
CONV-0000054,CUST-006976,1,chat,2025-08-29T20:00:00,2025-08-29T20:09:00,True,False,APT-0017597,book_service
CONV-0000055,CUST-017789,1,chat,2025-09-23T21:00:00,2025-09-23T21:04:00,True,False,APT-0017598,book_service
CONV-0000056,CUST-000803,1,chat,2025-09-25T14:00:00,2025-09-25T14:08:00,True,False,APT-0017599,book_service
CONV-0000057,CUST-017192,1,voice,2025-09-12T11:00:00,2025-09-12T11:11:00,True,False,APT-0017600,book_service
CONV-0000058,CUST-014277,1,voice,2025-09-11T18:00:00,2025-09-11T18:04:00,True,False,APT-0017603,book_service
CONV-0000059,CUST-002168,1,voice,2025-09-14T09:00:00,2025-09-14T09:06:00,True,False,APT-0017604,book_service
CONV-0000060,CUST-010096,1,chat,2025-09-04T21:00:00,2025-09-04T21:11:00,True,False,APT-0017605,book_service
CONV-0000061,CUST-002818,1,chat,2025-09-07T13:00:00,2025-09-07T13:11:00,True,False,APT-0017606,book_service
CONV-0000062,CUST-008937,1,chat,2025-09-21T21:00:00,2025-09-21T21:03:00,True,False,APT-0017608,book_service
CONV-0000063,CUST-002915,1,chat,2025-08-30T16:00:00,2025-08-30T16:03:00,True,False,APT-0017610,book_service
CONV-0000064,CUST-006023,1,chat,2025-09-03T22:00:00,2025-09-03T22:08:00,True,False,APT-0017613,book_service
CONV-0000065,CUST-009017,1,voice,2025-09-01T13:00:00,2025-09-01T13:02:00,True,False,APT-0017616,book_service
CONV-0000066,CUST-004369,1,chat,2025-09-21T14:00:00,2025-09-21T14:04:00,True,False,APT-0017617,book_service
CONV-0000067,CUST-011689,1,chat,2025-09-12T05:00:00,2025-09-12T05:03:00,True,False,APT-0017618,book_service
CONV-0000068,CUST-005514,1,chat,2025-09-05T05:00:00,2025-09-05T05:06:00,True,False,APT-0017619,book_service
CONV-0000069,CUST-000134,1,voice,2025-09-23T23:00:00,2025-09-23T23:10:00,True,False,APT-0017621,book_service
CONV-0000070,CUST-009384,1,voice,2025-09-05T21:00:00,2025-09-05T21:09:00,True,False,APT-0017623,book_service
CONV-0000071,CUST-005065,1,chat,2025-09-04T18:00:00,2025-09-04T18:10:00,True,False,APT-0017624,book_service
CONV-0000072,CUST-006060,1,chat,2025-09-01T13:00:00,2025-09-01T13:06:00,True,False,APT-0017627,book_service
CONV-0000073,CUST-009167,1,chat,2025-09-07T21:00:00,2025-09-07T21:08:00,True,False,APT-0017628,book_service
CONV-0000074,CUST-014075,1,chat,2025-09-08T09:00:00,2025-09-08T09:07:00,True,False,APT-0017629,book_service
CONV-0000075,CUST-012710,1,chat,2025-09-16T17:00:00,2025-09-16T17:07:00,True,False,APT-0017633,book_service
CONV-0000076,CUST-015172,1,voice,2025-09-17T05:00:00,2025-09-17T05:06:00,True,False,APT-0017635,book_service
CONV-0000077,CUST-017327,1,voice,2025-09-01T15:00:00,2025-09-01T15:04:00,True,False,APT-0017636,book_service
CONV-0000078,CUST-002949,1,voice,2025-09-26T20:00:00,2025-09-26T20:08:00,True,False,APT-0017639,book_service
CONV-0000079,CUST-005082,1,voice,2025-09-07T09:00:00,2025-09-07T09:10:00,True,False,APT-0017640,book_service
CONV-0000080,CUST-013374,1,chat,2025-09-26T14:00:00,2025-09-26T14:03:00,True,False,APT-0017641,book_service
CONV-0000081,CUST-003805,1,voice,2025-08-30T06:00:00,2025-08-30T06:04:00,True,False,APT-0017644,book_service
CONV-0000082,CUST-012959,1,chat,2025-09-20T12:00:00,2025-09-20T12:10:00,True,False,APT-0017646,book_service
CONV-0000083,CUST-006846,1,chat,2025-09-24T15:00:00,2025-09-24T15:10:00,True,False,APT-0017647,book_service
CONV-0000084,CUST-011452,1,chat,2025-09-23T13:00:00,2025-09-23T13:02:00,True,False,APT-0017648,book_service
CONV-0000085,CUST-010727,1,chat,2025-09-04T12:00:00,2025-09-04T12:10:00,True,False,APT-0017649,book_service
CONV-0000086,CUST-004261,1,chat,2025-09-18T12:00:00,2025-09-18T12:09:00,True,False,APT-0017650,book_service
CONV-0000087,CUST-000750,1,voice,2025-09-07T14:00:00,2025-09-07T14:08:00,True,False,APT-0017652,book_service
CONV-0000088,CUST-006794,1,chat,2025-09-03T09:00:00,2025-09-03T09:02:00,True,False,APT-0017657,book_service
CONV-0000089,CUST-003702,1,chat,2025-09-17T05:00:00,2025-09-17T05:03:00,True,False,APT-0017659,book_service
CONV-0000090,CUST-004556,1,chat,2025-09-16T10:00:00,2025-09-16T10:06:00,True,False,APT-0017660,book_service
CONV-0000091,CUST-013700,1,chat,2025-09-26T22:00:00,2025-09-26T22:09:00,True,False,APT-0017663,book_service
CONV-0000092,CUST-014837,1,voice,2025-09-08T14:00:00,2025-09-08T14:03:00,True,False,APT-0017666,book_service
CONV-0000093,CUST-009123,1,chat,2025-09-17T19:00:00,2025-09-17T19:03:00,True,False,APT-0017667,book_service
CONV-0000094,CUST-016814,1,voice,2025-09-14T21:00:00,2025-09-14T21:05:00,True,False,APT-0017668,book_service
CONV-0000095,CUST-011460,1,chat,2025-09-12T20:00:00,2025-09-12T20:04:00,True,False,APT-0017669,book_service
CONV-0000096,CUST-002075,1,voice,2025-09-06T14:00:00,2025-09-06T14:07:00,True,False,APT-0017670,book_service
CONV-0000097,CUST-016577,1,voice,2025-09-29T09:00:00,2025-09-29T09:08:00,True,False,APT-0017671,book_service
CONV-0000098,CUST-008320,1,chat,2025-09-13T23:00:00,2025-09-13T23:02:00,True,False,APT-0017672,book_service
CONV-0000099,CUST-009356,1,chat,2025-09-05T06:00:00,2025-09-05T06:05:00,True,False,APT-0017673,book_service
CONV-0000100,CUST-006890,1,voice,2025-09-22T12:00:00,2025-09-22T12:09:00,True,False,APT-0017675,book_service
