survey_id,ro_id,customer_id,score,wait_time_minutes,promise_time_minutes,submitted_at
CSAT-0000001,RO-0000002,CUST-016755,4,140,161,2023-10-02T13:47:00
CSAT-0000002,RO-0000003,CUST-010545,4,81,97,2023-10-02T09:59:00
CSAT-0000003,RO-0000004,CUST-005176,4,105,107,2023-10-02T13:02:00
CSAT-0000004,RO-0000008,CUST-008333,4,32,30,2023-10-02T11:53:00
CSAT-0000005,RO-0000011,CUST-011993,4,43,50,2023-10-02T09:47:00
CSAT-0000006,RO-0000013,CUST-013668,4,65,75,2023-10-02T17:40:00
CSAT-0000007,RO-0000014,CUST-013921,5,186,174,2023-10-02T15:01:00
CSAT-0000008,RO-0000018,CUST-015321,5,199,193,2023-10-02T15:00:00
CSAT-0000009,RO-0000019,CUST-015293,2,200,223,2023-10-02T16:14:00
CSAT-0000010,RO-0000020,CUST-015707,1,174,196,2023-10-02T12:31:00
CSAT-0000011,RO-0000021,CUST-010320,5,242,234,2023-10-02T16:29:00
CSAT-0000012,RO-0000022,CUST-006256,4,249,219,2023-10-02T17:39:00
CSAT-0000013,RO-0000023,CUST-000749,4,187,190,2023-10-02T11:11:00
CSAT-0000014,RO-0000024,CUST-006917,3,181,154,2023-10-02T18:29:00
CSAT-0000015,RO-0000025,CUST-015329,4,97,81,2023-10-02T11:18:00
CSAT-0000016,RO-0000029,CUST-000548,3,223,214,2023-10-03T12:44:00
CSAT-0000017,RO-0000035,CUST-001449,2,82,57,2023-10-03T08:38:00
CSAT-0000018,RO-0000036,CUST-005962,1,146,125,2023-10-03T10:23:00
CSAT-0000019,RO-0000037,CUST-004606,4,241,236,2023-10-03T15:01:00
CSAT-0000020,RO-0000038,CUST-001970,5,203,212,2023-10-03T14:05:00
CSAT-0000021,RO-0000041,CUST-004926,4,141,106,2023-10-03T10:31:00
CSAT-0000022,RO-0000042,CUST-005501,3,271,226,2023-10-03T13:11:00
CSAT-0000023,RO-0000043,CUST-017464,5,130,156,2023-10-03T08:17:00
CSAT-0000024,RO-0000044,CUST-010485,4,121,64,2023-10-03T15:25:00
CSAT-0000025,RO-0000046,CUST-004283,4,83,64,2023-10-03T07:41:00
CSAT-0000026,RO-0000047,CUST-007328,4,186,190,2023-10-03T09:24:00
CSAT-0000027,RO-0000049,CUST-013825,2,214,208,2023-10-03T15:40:00
CSAT-0000028,RO-0000051,CUST-005794,4,188,238,2023-10-04T08:50:00
CSAT-0000029,RO-0000052,CUST-017233,5,29,54,2023-10-04T18:07:00
CSAT-0000030,RO-0000053,CUST-007452,1,192,232,2023-10-04T08:29:00
CSAT-0000031,RO-0000056,CUST-010933,2,174,206,2023-10-04T15:54:00
CSAT-0000032,RO-0000059,CUST-016590,5,153,166,2023-10-04T08:47:00
CSAT-0000033,RO-0000061,CUST-002687,5,26,33,2023-10-04T08:11:00
CSAT-0000034,RO-0000062,CUST-006754,4,136,161,2023-10-04T10:05:00
CSAT-0000035,RO-0000063,CUST-013464,1,121,113,2023-10-04T12:25:00
CSAT-0000036,RO-0000064,CUST-008747,5,42,57,2023-10-04T10:42:00
CSAT-0000037,RO-0000069,CUST-004291,3,147,134,2023-10-04T15:27:00
CSAT-0000038,RO-0000070,CUST-014545,4,199,196,2023-10-04T11:16:00
CSAT-0000039,RO-0000076,CUST-008105,3,129,104,2023-10-05T13:02:00
CSAT-0000040,RO-0000079,CUST-016801,1,105,90,2023-10-05T16:10:00
CSAT-0000041,RO-0000082,CUST-008121,4,46,65,2023-10-05T10:17:00
CSAT-0000042,RO-0000087,CUST-000366,5,62,59,2023-10-05T16:44:00
CSAT-0000043,RO-0000089,CUST-006004,2,204,203,2023-10-05T08:18:00
CSAT-0000044,RO-0000090,CUST-011743,5,174,172,2023-10-05T11:43:00
CSAT-0000045,RO-0000092,CUST-008832,4,175,163,2023-10-05T08:47:00
CSAT-0000046,RO-0000093,CUST-011954,5,201,196,2023-10-05T12:42:00
CSAT-0000047,RO-0000095,CUST-015283,5,220,228,2023-10-05T15:52:00
CSAT-0000048,RO-0000096,CUST-000876,5,56,78,2023-10-05T16:09:00
CSAT-0000049,RO-0000100,CUST-014892,2,211,184,2023-10-06T15:27:00
CSAT-0000050,RO-0000101,CUST-012249,1,224,207,2023-10-06T14:42:00
CSAT-0000051,RO-0000103,CUST-004274,4,52,46,2023-10-06T10:53:00
CSAT-0000052,RO-0000108,CUST-017593,1,171,138,2023-10-06T14:53:00
CSAT-0000053,RO-0000109,CUST-009898,5,23,55,2023-10-06T12:02:00
CSAT-0000054,RO-0000113,CUST-008162,5,167,191,2023-10-06T11:29:00
CSAT-0000055,RO-0000114,CUST-003828,4,122,140,2023-10-06T15:34:00
CSAT-0000056,RO-0000115,CUST-017794,5,149,202,2023-10-06T08:04:00
CSAT-0000057,RO-0000117,CUST-008787,3,71,79,2023-10-06T16:03:00
CSAT-0000058,RO-0000118,CUST-016358,5,121,122,2023-10-06T13:14:00
CSAT-0000059,RO-0000121,CUST-012036,2,89,96,2023-10-06T12:59:00
CSAT-0000060,RO-0000122,CUST-014568,4,183,228,2023-10-06T10:14:00
CSAT-0000061,RO-0000124,CUST-015887,3,94,190,2023-10-07T12:55:00
CSAT-0000062,RO-0000125,CUST-010259,5,42,44,2023-10-07T13:38:00
CSAT-0000063,RO-0000129,CUST-009734,5,168,165,2023-10-07T12:52:00
CSAT-0000064,RO-0000130,CUST-015919,4,157,168,2023-10-07T10:43:00
CSAT-0000065,RO-0000132,CUST-004813,3,195,203,2023-10-07T09:12:00
CSAT-0000066,RO-0000136,CUST-013800,5,183,183,2023-10-07T16:35:00
CSAT-0000067,RO-0000137,CUST-012919,5,235,227,2023-10-07T09:45:00
CSAT-0000068,RO-0000145,CUST-009453,5,74,74,2023-10-07T08:51:00
CSAT-0000069,RO-0000147,CUST-012180,2,91,52,2023-10-07T15:32:00
CSAT-0000070,RO-0000148,CUST-006791,5,229,214,2023-10-07T11:30:00
CSAT-0000071,RO-0000149,CUST-017382,3,97,93,2023-10-07T17:05:00
CSAT-0000072,RO-0000150,CUST-015417,2,181,150,2023-10-07T08:32:00
CSAT-0000073,RO-0000152,CUST-010134,5,221,214,2023-10-07T17:25:00
CSAT-0000074,RO-0000157,CUST-009148,5,82,107,2023-10-09T13:14:00
CSAT-0000075,RO-0000159,CUST-012694,4,171,152,2023-10-09T14:54:00
CSAT-0000076,RO-0000160,CUST-009666,3,164,146,2023-10-09T17:08:00
CSAT-0000077,RO-0000162,CUST-004081,4,64,64,2023-10-09T12:54:00
CSAT-0000078,RO-0000168,CUST-009988,5,40,79,2023-10-09T08:19:00
CSAT-0000079,RO-0000172,CUST-001035,3,113,95,2023-10-09T12:03:00
CSAT-0000080,RO-0000176,CUST-005757,5,161,166,2023-10-09T11:48:00
CSAT-0000081,RO-0000177,CUST-001135,1,169,148,2023-10-09T14:07:00
CSAT-0000082,RO-0000179,CUST-001867,5,157,158,2023-10-09T12:32:00
CSAT-0000083,RO-0000182,CUST-012139,5,164,170,2023-10-09T10:06:00
CSAT-0000084,RO-0000183,CUST-008842,5,40,53,2023-10-09T12:45:00
CSAT-0000085,RO-0000184,CUST-004654,5,45,65,2023-10-09T14:51:00
CSAT-0000086,RO-0000188,CUST-011913,2,200,203,2023-10-10T15:46:00
CSAT-0000087,RO-0000190,CUST-017990,4,132,131,2023-10-10T11:55:00
CSAT-0000088,RO-0000192,CUST-005080,4,57,47,2023-10-10T09:27:00
CSAT-0000089,RO-0000195,CUST-016084,4,194,192,2023-10-10T18:06:00
CSAT-0000090,RO-0000197,CUST-011513,4,43,38,2023-10-10T17:27:00
CSAT-0000091,RO-0000199,CUST-014518,2,154,134,2023-10-10T15:55:00
CSAT-0000092,RO-0000209,CUST-014483,3,41,54,2023-10-10T13:27:00
CSAT-0000093,RO-0000211,CUST-015587,5,53,53,2023-10-11T16:52:00
CSAT-0000094,RO-0000213,CUST-015591,4,215,203,2023-10-11T08:34:00
CSAT-0000095,RO-0000216,CUST-009203,4,29,75,2023-10-11T15:34:00
CSAT-0000096,RO-0000222,CUST-015331,5,203,212,2023-10-11T15:52:00
CSAT-0000097,RO-0000223,CUST-007838,5,213,233,2023-10-11T09:57:00
CSAT-0000098,RO-0000229,CUST-009311,4,156,154,2023-10-11T10:58:00
CSAT-0000099,RO-0000231,CUST-010280,4,156,110,2023-10-11T11:51:00
CSAT-0000100,RO-0000236,CUST-014089,5,226,225,2023-10-12T16:11:00
