customer_id,first_name,last_name,email,phone,created_at,preferred_location_id
CUST-000001,Alexis,Ayers,alexis.ayers0@example.com,614-555-8912,2023-09-20,1
CUST-000002,Melanie,Ramirez,melanie.ramirez1@example.com,614-555-7668,2026-02-05,2
CUST-000003,Scott,Sanchez,scott.sanchez2@example.com,614-555-0454,2024-10-26,2
CUST-000004,Mary,Miller,mary.miller3@example.com,614-555-5627,2025-01-17,1
CUST-000005,Jonathan,Robinson,jonathan.robinson4@example.com,614-555-9887,2026-05-16,3
CUST-000006,Ryan,Velazquez,ryan.velazquez5@example.com,614-555-4930,2026-01-15,2
CUST-000007,Andrea,Rios,andrea.rios6@example.com,614-555-9296,2022-11-02,2
CUST-000008,Joshua,Thompson,joshua.thompson7@example.com,614-555-8799,2026-09-09,1
CUST-000009,John,Wilson,john.wilson8@example.com,614-555-0457,2023-09-14,1
CUST-000010,Robert,Anderson,robert.anderson9@example.com,614-555-2150,2025-08-11,1
CUST-000011,Ricky,Gray,ricky.gray10@example.com,614-555-9845,2023-01-23,3
CUST-000012,Maria,Brock,maria.brock11@example.com,614-555-5950,2026-06-20,2
CUST-000013,Nicholas,Smith,nicholas.smith12@example.com,614-555-9863,2023-02-09,2
CUST-000014,Karen,Simon,karen.simon13@example.com,614-555-6915,2026-07-05,2
CUST-000015,Edward,Johnson,edward.johnson14@example.com,614-555-4429,2023-12-11,3
CUST-000016,Willie,Anderson,willie.anderson15@example.com,614-555-9158,2022-12-10,2
CUST-000017,Elizabeth,Pope,elizabeth.pope16@example.com,614-555-0248,2024-04-19,2
CUST-000018,Brittany,Green,brittany.green17@example.com,614-555-3291,2025-05-05,3
CUST-000019,Brittany,Gordon,brittany.gordon18@example.com,614-555-0875,2026-01-10,2
CUST-000020,Daniel,Rodgers,daniel.rodgers19@example.com,614-555-6686,2026-07-14,3
CUST-000021,Gabriel,Cole,gabriel.cole20@example.com,614-555-6455,2025-05-15,1
CUST-000022,Matthew,Martinez,matthew.martinez21@example.com,614-555-7232,2024-12-06,3
CUST-000023,Tracy,Petty,tracy.petty22@example.com,614-555-9571,2026-08-26,3
CUST-000024,Ariana,Torres,ariana.torres23@example.com,614-555-5112,2023-11-17,1
CUST-000025,Barbara,Smith,barbara.smith24@example.com,614-555-9429,2022-11-25,2
CUST-000026,Brandy,James,brandy.james25@example.com,614-555-4136,2023-08-14,2
CUST-000027,James,Ward,james.ward26@example.com,614-555-7946,2024-04-13,1
CUST-000028,Casey,Allen,casey.allen27@example.com,614-555-5425,2026-06-22,1
CUST-000029,Brenda,Conrad,brenda.conrad28@example.com,614-555-6845,2024-08-21,2
CUST-000030,Jason,Mathews,jason.mathews29@example.com,614-555-1278,2025-07-01,2
CUST-000031,Melissa,Rhodes,melissa.rhodes30@example.com,614-555-0588,2023-02-23,1
CUST-000032,Michelle,Williams,michelle.williams31@example.com,614-555-2875,2026-05-25,1
CUST-000033,Andrew,Black,andrew.black32@example.com,614-555-8229,2024-04-29,1
CUST-000034,Glenda,Simon,glenda.simon33@example.com,614-555-0731,2023-07-25,1
CUST-000035,Jessica,Porter,jessica.porter34@example.com,614-555-7788,2022-12-15,2
CUST-000036,Gregory,Hale,gregory.hale35@example.com,614-555-0982,2025-05-10,1
CUST-000037,Paul,Collins,paul.collins36@example.com,614-555-3413,2025-04-28,1
CUST-000038,Tanya,Diaz,tanya.diaz37@example.com,614-555-8125,2025-03-23,2
CUST-000039,Nathan,Shepherd,nathan.shepherd38@example.com,614-555-1247,2023-08-28,3
CUST-000040,Sean,Wilson,sean.wilson39@example.com,614-555-5212,2023-07-25,3
CUST-000041,Joseph,Baxter,joseph.baxter40@example.com,614-555-0712,2025-01-12,1
CUST-000042,Lisa,Graham,lisa.graham41@example.com,614-555-9684,2025-07-01,3
CUST-000043,Bryan,Jones,bryan.jones42@example.com,614-555-5760,2025-05-21,2
CUST-000044,John,Williams,john.williams43@example.com,614-555-6495,2026-04-12,1
CUST-000045,Donna,Hanson,donna.hanson44@example.com,614-555-0562,2023-10-07,1
CUST-000046,Alexis,Newman,alexis.newman45@example.com,614-555-3582,2025-09-27,3
CUST-000047,Shannon,Castillo,shannon.castillo46@example.com,614-555-5744,2026-09-02,1
CUST-000048,Frederick,Moyer,frederick.moyer47@example.com,614-555-0484,2026-05-19,1
CUST-000049,Alexander,Morales,alexander.morales48@example.com,614-555-5640,2025-11-09,1
CUST-000050,David,Maxwell,david.maxwell49@example.com,614-555-7563,2025-02-06,1
CUST-000051,Kyle,Smith,kyle.smith50@example.com,614-555-9634,2026-04-13,1
CUST-000052,Pamela,Brandt,pamela.brandt51@example.com,614-555-1788,2024-05-21,1
CUST-000053,Ray,Medina,ray.medina52@example.com,614-555-9921,2022-12-21,2
CUST-000054,Elizabeth,Kelley,elizabeth.kelley53@example.com,614-555-2830,2026-02-27,1
CUST-000055,Martin,Banks,martin.banks54@example.com,614-555-7556,2026-07-24,1
CUST-000056,Ashley,Gamble,ashley.gamble55@example.com,614-555-0699,2023-06-08,2
CUST-000057,Dean,Griffin,dean.griffin56@example.com,614-555-8342,2026-08-19,3
CUST-000058,Marissa,Torres,marissa.torres57@example.com,614-555-2129,2023-04-23,2
CUST-000059,Franklin,Horton,franklin.horton58@example.com,614-555-6882,2024-07-03,1
CUST-000060,Anna,Chambers,anna.chambers59@example.com,614-555-4679,2024-12-24,2
CUST-000061,Donna,Hines,donna.hines60@example.com,614-555-6285,2025-06-15,3
CUST-000062,Melissa,Thompson,melissa.thompson61@example.com,614-555-4144,2023-05-16,2
CUST-000063,Nicole,Romero,nicole.romero62@example.com,614-555-5357,2026-07-07,2
CUST-000064,Rebecca,Ortiz,rebecca.ortiz63@example.com,614-555-6535,2022-11-20,2
CUST-000065,Dennis,Gordon,dennis.gordon64@example.com,614-555-2724,2026-03-23,1
CUST-000066,Sharon,Williams,sharon.williams65@example.com,614-555-5626,2026-04-11,3
CUST-000067,Donald,Barnes,donald.barnes66@example.com,614-555-6638,2023-12-24,1
CUST-000068,Keith,Jennings,keith.jennings67@example.com,614-555-9892,2026-08-13,2
CUST-000069,Cindy,Mitchell,cindy.mitchell68@example.com,614-555-3124,2023-11-11,3
CUST-000070,Traci,James,traci.james69@example.com,614-555-8365,2025-12-24,3
CUST-000071,Stacy,Clark,stacy.clark70@example.com,614-555-1487,2025-08-15,3
CUST-000072,Michael,Mora,michael.mora71@example.com,614-555-4359,2023-04-28,1
CUST-000073,Larry,Li,larry.li72@example.com,614-555-3318,2022-10-04,2
CUST-000074,Darrell,Terry,darrell.terry73@example.com,614-555-8888,2025-12-21,2
CUST-000075,John,Phillips,john.phillips74@example.com,614-555-1316,2025-04-16,1
CUST-000076,Tina,Patton,tina.patton75@example.com,614-555-4176,2023-02-05,1
CUST-000077,Donald,Leonard,donald.leonard76@example.com,614-555-3621,2025-06-19,2
CUST-000078,Anthony,Johnston,anthony.johnston77@example.com,614-555-0230,2023-07-13,1
CUST-000079,Karina,Montgomery,karina.montgomery78@example.com,614-555-1654,2023-03-12,2
CUST-000080,Tyler,Collins,tyler.collins79@example.com,614-555-9934,2026-02-13,2
CUST-000081,Tanya,Copeland,tanya.copeland80@example.com,614-555-9228,2022-10-30,3
CUST-000082,Rachel,Poole,rachel.poole81@example.com,614-555-3648,2026-07-20,3
CUST-000083,Jesus,Levine,jesus.levine82@example.com,614-555-8649,2023-02-11,3
CUST-000084,Rebecca,Eaton,rebecca.eaton83@example.com,614-555-1746,2026-03-03,3
CUST-000085,Lisa,Bush,lisa.bush84@example.com,614-555-1412,2025-01-10,2
CUST-000086,Melissa,Mcmahon,melissa.mcmahon85@example.com,614-555-2955,2026-07-12,2
CUST-000087,Jessica,Mason,jessica.mason86@example.com,614-555-5563,2026-02-26,2
CUST-000088,William,Owens,william.owens87@example.com,614-555-2420,2023-09-17,1
CUST-000089,Shannon,Montgomery,shannon.montgomery88@example.com,614-555-2845,2023-09-08,2
CUST-000090,Brittany,Aguirre,brittany.aguirre89@example.com,614-555-7656,2023-01-20,2
CUST-000091,Kelly,Alvarado,kelly.alvarado90@example.com,614-555-1978,2023-09-16,3
CUST-000092,Richard,Mathews,richard.mathews91@example.com,614-555-4285,2025-02-08,3
CUST-000093,Nicholas,Turner,nicholas.turner92@example.com,614-555-2731,2026-05-24,1
CUST-000094,Jacqueline,Duran,jacqueline.duran93@example.com,614-555-9815,2025-08-09,2
CUST-000095,Timothy,Mitchell,timothy.mitchell94@example.com,614-555-2859,2023-12-08,3
CUST-000096,Ronald,Wheeler,ronald.wheeler95@example.com,614-555-4937,2023-12-21,1
CUST-000097,Olivia,Taylor,olivia.taylor96@example.com,614-555-2593,2023-03-11,1
CUST-000098,Gary,Dunn,gary.dunn97@example.com,614-555-0818,2026-02-04,3
CUST-000099,Jamie,Singleton,jamie.singleton98@example.com,614-555-0677,2023-12-17,2
CUST-000100,Ashley,Smith,ashley.smith99@example.com,614-555-2994,2025-03-21,3
