payment_id,ro_id,amount,method,paid_at
PAY-0000001,RO-0000001,88.99,manufacturer_reimbursement,2023-10-02T15:36:00
PAY-0000002,RO-0000002,89.76,manufacturer_reimbursement,2023-10-02T13:47:00
PAY-0000003,RO-0000003,58.08,credit_card,2023-10-02T09:59:00
PAY-0000004,RO-0000004,137.28,credit_card,2023-10-02T13:02:00
PAY-0000005,RO-0000005,126.3,credit_card,2023-10-02T14:56:00
PAY-0000006,RO-0000006,123.89,cash,2023-10-02T11:35:00
PAY-0000007,RO-0000007,124.08,debit_card,2023-10-02T15:07:00
PAY-0000008,RO-0000008,153.12,debit_card,2023-10-02T11:53:00
PAY-0000009,RO-0000009,49.63,manufacturer_reimbursement,2023-10-02T09:56:00
PAY-0000010,RO-0000010,84.85,manufacturer_reimbursement,2023-10-02T11:15:00
PAY-0000011,RO-0000011,123.72,credit_card,2023-10-02T09:47:00
PAY-0000012,RO-0000012,44.35,manufacturer_reimbursement,2023-10-02T12:59:00
PAY-0000013,RO-0000013,534.4,credit_card,2023-10-02T17:40:00
PAY-0000014,RO-0000014,279.98,manufacturer_reimbursement,2023-10-02T15:01:00
PAY-0000015,RO-0000015,428.81,cash,2023-10-02T14:50:00
PAY-0000016,RO-0000016,97.2,credit_card,2023-10-02T10:57:00
PAY-0000017,RO-0000017,348.97,cash,2023-10-02T09:20:00
PAY-0000018,RO-0000018,562.77,manufacturer_reimbursement,2023-10-02T15:00:00
PAY-0000019,RO-0000019,83.15,credit_card,2023-10-02T16:14:00
PAY-0000020,RO-0000020,732.89,internal_transfer,2023-10-02T12:31:00
PAY-0000021,RO-0000021,58.08,credit_card,2023-10-02T16:29:00
PAY-0000022,RO-0000022,468.75,internal_transfer,2023-10-02T17:39:00
PAY-0000023,RO-0000023,539.16,credit_card,2023-10-02T11:11:00
PAY-0000024,RO-0000024,812.32,manufacturer_reimbursement,2023-10-02T18:29:00
PAY-0000025,RO-0000025,96.1,manufacturer_reimbursement,2023-10-02T11:18:00
PAY-0000026,RO-0000026,91.31,manufacturer_reimbursement,2023-10-02T08:09:00
PAY-0000027,RO-0000027,151.8,cash,2023-10-02T17:12:00
PAY-0000028,RO-0000028,222.2,manufacturer_reimbursement,2023-10-02T16:40:00
PAY-0000029,RO-0000029,382.04,credit_card,2023-10-03T12:44:00
PAY-0000030,RO-0000030,51.74,manufacturer_reimbursement,2023-10-03T09:22:00
PAY-0000031,RO-0000031,317.88,manufacturer_reimbursement,2023-10-03T13:02:00
PAY-0000032,RO-0000032,124.74,credit_card,2023-10-03T12:15:00
PAY-0000033,RO-0000033,480.56,credit_card,2023-10-03T14:12:00
PAY-0000034,RO-0000034,142.56,cash,2023-10-03T12:19:00
PAY-0000035,RO-0000035,95.15,manufacturer_reimbursement,2023-10-03T08:38:00
PAY-0000036,RO-0000036,896.17,debit_card,2023-10-03T10:23:00
PAY-0000037,RO-0000037,131.67,credit_card,2023-10-03T15:01:00
PAY-0000038,RO-0000038,382.07,credit_card,2023-10-03T14:05:00
PAY-0000039,RO-0000039,172.92,credit_card,2023-10-03T14:16:00
PAY-0000040,RO-0000040,78.85,manufacturer_reimbursement,2023-10-03T12:40:00
PAY-0000041,RO-0000041,83.34,credit_card,2023-10-03T10:31:00
PAY-0000042,RO-0000042,376.08,credit_card,2023-10-03T13:11:00
PAY-0000043,RO-0000043,84.82,credit_card,2023-10-03T08:17:00
PAY-0000044,RO-0000044,54.12,credit_card,2023-10-03T15:25:00
PAY-0000045,RO-0000045,51.74,manufacturer_reimbursement,2023-10-03T10:36:00
PAY-0000046,RO-0000046,63.36,credit_card,2023-10-03T07:41:00
PAY-0000047,RO-0000047,63.36,debit_card,2023-10-03T09:24:00
PAY-0000048,RO-0000048,759.74,credit_card,2023-10-03T10:30:00
PAY-0000049,RO-0000049,603.63,credit_card,2023-10-03T15:40:00
PAY-0000050,RO-0000050,290.01,credit_card,2023-10-04T14:21:00
PAY-0000051,RO-0000051,547.88,credit_card,2023-10-04T08:50:00
PAY-0000052,RO-0000052,350.08,manufacturer_reimbursement,2023-10-04T18:07:00
PAY-0000053,RO-0000053,117.25,manufacturer_reimbursement,2023-10-04T08:29:00
PAY-0000054,RO-0000054,63.24,cash,2023-10-04T15:02:00
PAY-0000055,RO-0000055,128.8,credit_card,2023-10-04T17:04:00
PAY-0000056,RO-0000056,93.62,credit_card,2023-10-04T15:54:00
PAY-0000057,RO-0000057,56.76,credit_card,2023-10-04T13:39:00
PAY-0000058,RO-0000058,504.11,credit_card,2023-10-04T07:53:00
PAY-0000059,RO-0000059,124.08,debit_card,2023-10-04T08:47:00
PAY-0000060,RO-0000060,142.94,credit_card,2023-10-04T13:46:00
PAY-0000061,RO-0000061,108.49,manufacturer_reimbursement,2023-10-04T08:11:00
PAY-0000062,RO-0000062,205.85,manufacturer_reimbursement,2023-10-04T10:05:00
PAY-0000063,RO-0000063,304.29,internal_transfer,2023-10-04T12:25:00
PAY-0000064,RO-0000064,129.24,credit_card,2023-10-04T10:42:00
PAY-0000065,RO-0000065,210.74,credit_card,2023-10-04T12:36:00
PAY-0000066,RO-0000066,93.31,credit_card,2023-10-04T12:09:00
PAY-0000067,RO-0000067,209.97,credit_card,2023-10-04T11:42:00
PAY-0000068,RO-0000068,198.33,credit_card,2023-10-04T16:14:00
PAY-0000069,RO-0000069,330.68,cash,2023-10-04T15:27:00
PAY-0000070,RO-0000070,264.85,credit_card,2023-10-04T11:16:00
PAY-0000071,RO-0000071,297.77,credit_card,2023-10-04T12:03:00
PAY-0000072,RO-0000072,96.1,manufacturer_reimbursement,2023-10-04T10:46:00
PAY-0000073,RO-0000073,98.55,credit_card,2023-10-04T14:46:00
PAY-0000074,RO-0000074,105.96,internal_transfer,2023-10-05T12:35:00
PAY-0000075,RO-0000075,133.88,debit_card,2023-10-05T10:03:00
PAY-0000076,RO-0000076,59.4,credit_card,2023-10-05T13:02:00
PAY-0000077,RO-0000077,84.51,manufacturer_reimbursement,2023-10-05T15:34:00
PAY-0000078,RO-0000078,94.74,debit_card,2023-10-05T14:31:00
PAY-0000079,RO-0000079,128.39,credit_card,2023-10-05T16:10:00
PAY-0000080,RO-0000080,750.32,credit_card,2023-10-05T13:23:00
PAY-0000081,RO-0000081,139.05,credit_card,2023-10-05T10:00:00
PAY-0000082,RO-0000082,128.5,debit_card,2023-10-05T10:17:00
PAY-0000083,RO-0000083,129.64,credit_card,2023-10-05T16:20:00
PAY-0000084,RO-0000084,106.92,credit_card,2023-10-05T11:58:00
PAY-0000085,RO-0000085,352.52,debit_card,2023-10-05T17:06:00
PAY-0000086,RO-0000086,153.12,debit_card,2023-10-05T12:48:00
PAY-0000087,RO-0000087,60.72,debit_card,2023-10-05T16:44:00
PAY-0000088,RO-0000088,38.81,internal_transfer,2023-10-05T16:11:00
PAY-0000089,RO-0000089,45.41,manufacturer_reimbursement,2023-10-05T08:18:00
PAY-0000090,RO-0000090,1008.99,credit_card,2023-10-05T11:43:00
PAY-0000091,RO-0000091,66.0,credit_card,2023-10-05T16:12:00
PAY-0000092,RO-0000092,211.27,credit_card,2023-10-05T08:47:00
PAY-0000093,RO-0000093,391.88,credit_card,2023-10-05T12:42:00
PAY-0000094,RO-0000094,154.44,credit_card,2023-10-05T13:19:00
PAY-0000095,RO-0000095,352.42,debit_card,2023-10-05T15:52:00
PAY-0000096,RO-0000096,598.34,internal_transfer,2023-10-05T16:09:00
PAY-0000097,RO-0000097,376.7,credit_card,2023-10-05T12:30:00
PAY-0000098,RO-0000098,112.28,credit_card,2023-10-05T14:46:00
PAY-0000099,RO-0000099,170.16,credit_card,2023-10-06T12:40:00
PAY-0000100,RO-0000100,69.32,manufacturer_reimbursement,2023-10-06T15:27:00
