ro_id,appointment_id,customer_id,vehicle_id,location_id,technician_id,opened_at,closed_at,pay_type,recall_campaign_number,labor_rate,labor_hours,labor_amount,parts_amount,total_amount,status
RO-0000001,APT-0000001,CUST-009769,VEH-012588,1,T002,2023-10-02T15:00:00,2023-10-02T15:36:00,recall,26V046000,105.6,0.57,60.19,28.8,88.99,invoiced
RO-0000002,APT-0000002,CUST-016755,VEH-022283,1,T002,2023-10-02T12:15:00,2023-10-02T13:47:00,recall,21V749000,105.6,0.85,89.76,0.0,89.76,invoiced
RO-0000003,APT-0000003,CUST-010545,VEH-013674,1,T008,2023-10-02T09:00:00,2023-10-02T09:59:00,customer_pay,,132.0,0.44,58.08,0.0,58.08,invoiced
RO-0000004,APT-0000004,CUST-005176,VEH-006184,1,T003,2023-10-02T11:45:00,2023-10-02T13:02:00,customer_pay,,132.0,1.04,137.28,0.0,137.28,invoiced
RO-0000005,APT-0000005,CUST-013258,VEH-017395,1,T001,2023-10-02T14:15:00,2023-10-02T14:56:00,customer_pay,,132.0,0.76,100.32,25.98,126.3,invoiced
RO-0000006,APT-0000006,CUST-013819,VEH-018171,1,T004,2023-10-02T10:45:00,2023-10-02T11:35:00,customer_pay,,132.0,0.43,56.76,67.13,123.89,invoiced
RO-0000007,APT-0000007,CUST-012808,VEH-016798,1,T001,2023-10-02T14:00:00,2023-10-02T15:07:00,customer_pay,,132.0,0.94,124.08,0.0,124.08,invoiced
RO-0000008,APT-0000008,CUST-008333,VEH-010583,1,T004,2023-10-02T10:45:00,2023-10-02T11:53:00,customer_pay,,132.0,1.16,153.12,0.0,153.12,invoiced
RO-0000009,APT-0000009,CUST-014022,VEH-018438,1,T005,2023-10-02T09:15:00,2023-10-02T09:56:00,warranty,,105.6,0.47,49.63,0.0,49.63,invoiced
RO-0000010,APT-0000010,CUST-011367,VEH-014815,1,T004,2023-10-02T10:00:00,2023-10-02T11:15:00,recall,26V281000,105.6,0.49,51.74,33.11,84.85,invoiced
RO-0000011,APT-0000011,CUST-011993,VEH-015671,1,T004,2023-10-02T08:45:00,2023-10-02T09:47:00,customer_pay,,132.0,0.47,62.04,61.68,123.72,invoiced
RO-0000012,APT-0000012,CUST-004540,VEH-005277,1,T002,2023-10-02T12:15:00,2023-10-02T12:59:00,warranty,,105.6,0.42,44.35,0.0,44.35,invoiced
RO-0000013,APT-0000014,CUST-013668,VEH-017952,1,T001,2023-10-02T15:00:00,2023-10-02T17:40:00,customer_pay,,132.0,2.34,308.88,225.52,534.4,invoiced
RO-0000014,APT-0000015,CUST-013921,VEH-018306,1,T004,2023-10-02T13:00:00,2023-10-02T15:01:00,warranty,,105.6,1.35,142.56,137.42,279.98,invoiced
RO-0000015,APT-0000016,CUST-015935,VEH-021133,1,T007,2023-10-02T12:30:00,2023-10-02T14:50:00,customer_pay,,132.0,1.97,260.04,168.77,428.81,invoiced
RO-0000016,APT-0000017,CUST-005970,VEH-007284,1,T005,2023-10-02T10:00:00,2023-10-02T10:57:00,customer_pay,,132.0,0.44,58.08,39.12,97.2,invoiced
RO-0000017,APT-0000018,CUST-012221,VEH-015995,1,T008,2023-10-02T07:00:00,2023-10-02T09:20:00,customer_pay,,132.0,1.56,205.92,103.23,348.97,invoiced
RO-0000018,APT-0000019,CUST-015321,VEH-020252,1,T003,2023-10-02T12:00:00,2023-10-02T15:00:00,recall,23V443000,105.6,2.55,269.28,293.49,562.77,invoiced
RO-0000019,APT-0000021,CUST-015293,VEH-020212,1,T008,2023-10-02T15:30:00,2023-10-02T16:14:00,customer_pay,,132.0,0.41,54.12,29.03,83.15,invoiced
RO-0000020,APT-0000022,CUST-015707,VEH-020802,1,T001,2023-10-02T10:45:00,2023-10-02T12:31:00,internal,,79.2,1.17,92.66,640.23,732.89,invoiced
RO-0000021,APT-0000023,CUST-010320,VEH-013368,1,T003,2023-10-02T15:30:00,2023-10-02T16:29:00,customer_pay,,132.0,0.44,58.08,0.0,58.08,invoiced
RO-0000022,APT-0000024,CUST-006256,VEH-007682,1,T005,2023-10-02T14:30:00,2023-10-02T17:39:00,internal,,79.2,2.44,193.25,275.5,468.75,invoiced
RO-0000023,APT-0000025,CUST-000749,VEH-000795,1,T004,2023-10-02T08:30:00,2023-10-02T11:11:00,customer_pay,,132.0,2.21,291.72,247.44,539.16,invoiced
RO-0000024,APT-0000026,CUST-006917,VEH-008597,1,T003,2023-10-02T15:15:00,2023-10-02T18:29:00,warranty,,105.6,2.8,295.68,516.64,812.32,invoiced
RO-0000025,APT-0000027,CUST-015329,VEH-020263,1,T005,2023-10-02T09:45:00,2023-10-02T11:18:00,warranty,,105.6,0.91,96.1,0.0,96.1,invoiced
RO-0000026,APT-0000028,CUST-007013,VEH-008726,1,T003,2023-10-02T07:00:00,2023-10-02T08:09:00,warranty,,105.6,0.49,51.74,39.57,91.31,invoiced
RO-0000027,APT-0000029,CUST-001430,VEH-001510,1,T002,2023-10-02T15:45:00,2023-10-02T17:12:00,customer_pay,,132.0,1.15,151.8,0.0,151.8,invoiced
RO-0000028,APT-0000032,CUST-014036,VEH-018456,1,T007,2023-10-02T15:45:00,2023-10-02T16:40:00,warranty,,105.6,0.41,43.3,38.0,222.2,invoiced
RO-0000029,APT-0000033,CUST-000548,VEH-000583,1,T003,2023-10-03T10:45:00,2023-10-03T12:44:00,customer_pay,,132.0,1.98,261.36,120.68,382.04,invoiced
RO-0000030,APT-0000034,CUST-017914,VEH-023884,1,T001,2023-10-03T08:30:00,2023-10-03T09:22:00,recall,20V700000,105.6,0.49,51.74,0.0,51.74,invoiced
RO-0000031,APT-0000035,CUST-007883,VEH-009952,1,T007,2023-10-03T10:30:00,2023-10-03T13:02:00,recall,24V130000,105.6,1.83,193.25,124.63,317.88,invoiced
RO-0000032,APT-0000036,CUST-006986,VEH-008685,1,T004,2023-10-03T11:15:00,2023-10-03T12:15:00,customer_pay,,132.0,0.44,58.08,66.66,124.74,invoiced
RO-0000033,APT-0000037,CUST-013089,VEH-017174,1,T004,2023-10-03T13:15:00,2023-10-03T14:12:00,customer_pay,,132.0,0.45,59.4,169.96,480.56,invoiced
RO-0000034,APT-0000038,CUST-011326,VEH-014763,1,T008,2023-10-03T10:30:00,2023-10-03T12:19:00,customer_pay,,132.0,1.08,142.56,0.0,142.56,invoiced
RO-0000035,APT-0000039,CUST-001449,VEH-001529,1,T001,2023-10-03T07:30:00,2023-10-03T08:38:00,warranty,,105.6,0.72,76.03,19.12,95.15,invoiced
RO-0000036,APT-0000041,CUST-005962,VEH-007274,1,T005,2023-10-03T08:45:00,2023-10-03T10:23:00,customer_pay,,132.0,1.13,149.16,747.01,896.17,invoiced
RO-0000037,APT-0000043,CUST-004606,VEH-005368,1,T002,2023-10-03T14:15:00,2023-10-03T15:01:00,customer_pay,,132.0,0.48,63.36,68.31,131.67,invoiced
RO-0000038,APT-0000044,CUST-001970,VEH-002075,1,T006,2023-10-03T12:15:00,2023-10-03T14:05:00,customer_pay,,132.0,1.34,176.88,105.13,382.07,invoiced
RO-0000039,APT-0000045,CUST-004274,VEH-004908,1,T001,2023-10-03T12:15:00,2023-10-03T14:16:00,customer_pay,,132.0,1.31,172.92,0.0,172.92,invoiced
RO-0000040,APT-0000046,CUST-016483,VEH-021887,1,T005,2023-10-03T11:45:00,2023-10-03T12:40:00,warranty,,105.6,0.56,59.14,19.71,78.85,invoiced
RO-0000041,APT-0000048,CUST-004926,VEH-005818,1,T003,2023-10-03T09:45:00,2023-10-03T10:31:00,customer_pay,,132.0,0.57,75.24,8.1,83.34,invoiced
RO-0000042,APT-0000050,CUST-005501,VEH-006641,1,T007,2023-10-03T11:15:00,2023-10-03T13:11:00,customer_pay,,132.0,1.59,209.88,166.2,376.08,invoiced
RO-0000043,APT-0000051,CUST-017464,VEH-023278,1,T003,2023-10-03T07:30:00,2023-10-03T08:17:00,customer_pay,,132.0,0.41,54.12,30.7,84.82,invoiced
RO-0000044,APT-0000052,CUST-010485,VEH-013591,1,T003,2023-10-03T14:30:00,2023-10-03T15:25:00,customer_pay,,132.0,0.41,54.12,0.0,54.12,invoiced
RO-0000045,APT-0000053,CUST-011700,VEH-015259,1,T004,2023-10-03T10:00:00,2023-10-03T10:36:00,warranty,,105.6,0.49,51.74,0.0,51.74,invoiced
RO-0000046,APT-0000055,CUST-004283,VEH-004920,1,T005,2023-10-03T07:00:00,2023-10-03T07:41:00,customer_pay,,132.0,0.48,63.36,0.0,63.36,invoiced
RO-0000047,APT-0000056,CUST-007328,VEH-009179,1,T001,2023-10-03T08:30:00,2023-10-03T09:24:00,customer_pay,,132.0,0.48,63.36,0.0,63.36,invoiced
RO-0000048,APT-0000057,CUST-001216,VEH-001280,1,T005,2023-10-03T08:00:00,2023-10-03T10:30:00,customer_pay,,132.0,2.87,378.84,380.9,759.74,invoiced
RO-0000049,APT-0000058,CUST-013825,VEH-018178,1,T004,2023-10-03T15:00:00,2023-10-03T15:40:00,customer_pay,,132.0,0.6,79.2,7.99,603.63,invoiced
RO-0000050,APT-0000062,CUST-006698,VEH-008290,1,T002,2023-10-04T12:30:00,2023-10-04T14:21:00,customer_pay,,132.0,1.31,172.92,117.09,290.01,invoiced
RO-0000051,APT-0000063,CUST-005794,VEH-007043,1,T007,2023-10-04T07:45:00,2023-10-04T08:50:00,customer_pay,,132.0,0.82,108.24,0.0,547.88,invoiced
RO-0000052,APT-0000065,CUST-017233,VEH-022976,1,T003,2023-10-04T15:30:00,2023-10-04T18:07:00,recall,23V480000,105.6,1.88,198.53,151.55,350.08,invoiced
RO-0000053,APT-0000066,CUST-007452,VEH-009353,1,T001,2023-10-04T07:30:00,2023-10-04T08:29:00,warranty,,105.6,0.46,48.58,68.67,117.25,invoiced
RO-0000054,APT-0000067,CUST-011657,VEH-015200,1,T002,2023-10-04T14:30:00,2023-10-04T15:02:00,customer_pay,,132.0,0.29,38.28,24.96,63.24,invoiced
RO-0000055,APT-0000068,CUST-002125,VEH-002243,1,T002,2023-10-04T15:45:00,2023-10-04T17:04:00,customer_pay,,132.0,0.8,105.6,23.2,128.8,invoiced
RO-0000056,APT-0000069,CUST-010933,VEH-014218,1,T004,2023-10-04T14:45:00,2023-10-04T15:54:00,customer_pay,,132.0,0.41,54.12,39.5,93.62,invoiced
RO-0000057,APT-0000070,CUST-003944,VEH-004449,1,T002,2023-10-04T13:00:00,2023-10-04T13:39:00,customer_pay,,132.0,0.43,56.76,0.0,56.76,invoiced
RO-0000058,APT-0000071,CUST-012268,VEH-016057,1,T003,2023-10-04T07:00:00,2023-10-04T07:53:00,customer_pay,,132.0,0.49,64.68,0.0,504.11,invoiced
RO-0000059,APT-0000072,CUST-016590,VEH-022051,1,T005,2023-10-04T07:45:00,2023-10-04T08:47:00,customer_pay,,132.0,0.94,124.08,0.0,124.08,invoiced
RO-0000060,APT-0000073,CUST-014778,VEH-019502,1,T003,2023-10-04T12:45:00,2023-10-04T13:46:00,customer_pay,,132.0,0.47,62.04,80.9,142.94,invoiced
RO-0000061,APT-0000074,CUST-002687,VEH-002841,1,T008,2023-10-04T07:00:00,2023-10-04T08:11:00,warranty,,105.6,0.44,46.46,0.0,108.49,invoiced
RO-0000062,APT-0000075,CUST-006754,VEH-008373,1,T006,2023-10-04T09:00:00,2023-10-04T10:05:00,warranty,,105.6,0.42,44.35,161.5,205.85,invoiced
RO-0000063,APT-0000076,CUST-013464,VEH-017677,1,T007,2023-10-04T11:30:00,2023-10-04T12:25:00,internal,,79.2,0.58,45.94,16.07,304.29,invoiced
RO-0000064,APT-0000077,CUST-008747,VEH-011136,1,T005,2023-10-04T09:45:00,2023-10-04T10:42:00,customer_pay,,132.0,0.46,60.72,68.52,129.24,invoiced
RO-0000065,APT-0000078,CUST-004973,VEH-005883,1,T002,2023-10-04T11:15:00,2023-10-04T12:36:00,customer_pay,,132.0,0.92,121.44,89.3,210.74,invoiced
RO-0000066,APT-0000079,CUST-008011,VEH-010133,1,T001,2023-10-04T11:30:00,2023-10-04T12:09:00,customer_pay,,132.0,0.48,63.36,29.95,93.31,invoiced
RO-0000067,APT-0000080,CUST-008312,VEH-010554,1,T008,2023-10-04T10:45:00,2023-10-04T11:42:00,customer_pay,,132.0,0.57,75.24,134.73,209.97,invoiced
RO-0000068,APT-0000081,CUST-001377,VEH-001454,1,T003,2023-10-04T15:15:00,2023-10-04T16:14:00,customer_pay,,132.0,0.96,126.72,0.0,198.33,invoiced
RO-0000069,APT-0000082,CUST-004291,VEH-004930,1,T001,2023-10-04T14:45:00,2023-10-04T15:27:00,customer_pay,,132.0,0.48,63.36,63.37,330.68,invoiced
RO-0000070,APT-0000083,CUST-014545,VEH-019188,1,T007,2023-10-04T09:15:00,2023-10-04T11:16:00,customer_pay,,132.0,1.43,188.76,76.09,264.85,invoiced
RO-0000071,APT-0000084,CUST-014565,VEH-019212,1,T005,2023-10-04T10:00:00,2023-10-04T12:03:00,customer_pay,,132.0,1.24,163.68,134.09,297.77,invoiced
RO-0000072,APT-0000085,CUST-017831,VEH-023769,1,T007,2023-10-04T09:30:00,2023-10-04T10:46:00,warranty,,105.6,0.91,96.1,0.0,96.1,invoiced
RO-0000073,APT-0000086,CUST-014888,VEH-019655,1,T005,2023-10-04T13:45:00,2023-10-04T14:46:00,customer_pay,,132.0,0.6,79.2,19.35,98.55,invoiced
RO-0000074,APT-0000087,CUST-011425,VEH-014893,1,T002,2023-10-05T11:45:00,2023-10-05T12:35:00,internal,,79.2,0.42,33.26,72.7,105.96,invoiced
RO-0000075,APT-0000088,CUST-002275,VEH-002400,1,T003,2023-10-05T09:30:00,2023-10-05T10:03:00,customer_pay,,132.0,0.43,56.76,77.12,133.88,invoiced
RO-0000076,APT-0000089,CUST-008105,VEH-010264,1,T006,2023-10-05T12:00:00,2023-10-05T13:02:00,customer_pay,,132.0,0.45,59.4,0.0,59.4,invoiced
RO-0000077,APT-0000090,CUST-001307,VEH-001379,1,T007,2023-10-05T14:15:00,2023-10-05T15:34:00,warranty,,105.6,0.47,49.63,34.88,84.51,invoiced
RO-0000078,APT-0000092,CUST-004449,VEH-005148,1,T004,2023-10-05T13:15:00,2023-10-05T14:31:00,customer_pay,,132.0,0.59,77.88,16.86,94.74,invoiced
RO-0000079,APT-0000093,CUST-016801,VEH-022356,1,T007,2023-10-05T15:15:00,2023-10-05T16:10:00,customer_pay,,132.0,0.5,66.0,62.39,128.39,invoiced
RO-0000080,APT-0000094,CUST-017254,VEH-023006,1,T002,2023-10-05T09:45:00,2023-10-05T13:23:00,customer_pay,,132.0,3.45,455.4,294.92,750.32,invoiced
RO-0000081,APT-0000095,CUST-003446,VEH-003730,1,T008,2023-10-05T09:00:00,2023-10-05T10:00:00,customer_pay,,132.0,0.49,64.68,74.37,139.05,invoiced
RO-0000082,APT-0000096,CUST-008121,VEH-010283,1,T001,2023-10-05T09:00:00,2023-10-05T10:17:00,customer_pay,,132.0,0.75,99.0,29.5,128.5,invoiced
RO-0000083,APT-0000097,CUST-014660,VEH-019335,1,T008,2023-10-05T15:45:00,2023-10-05T16:20:00,customer_pay,,132.0,0.42,55.44,74.2,129.64,invoiced
RO-0000084,APT-0000098,CUST-009921,VEH-012807,1,T004,2023-10-05T10:30:00,2023-10-05T11:58:00,customer_pay,,132.0,0.81,106.92,0.0,106.92,invoiced
RO-0000085,APT-0000100,CUST-000806,VEH-000853,1,T006,2023-10-05T14:45:00,2023-10-05T17:06:00,customer_pay,,132.0,1.65,217.8,134.72,352.52,invoiced
RO-0000086,APT-0000101,CUST-010072,VEH-013019,1,T005,2023-10-05T11:00:00,2023-10-05T12:48:00,customer_pay,,132.0,1.16,153.12,0.0,153.12,invoiced
RO-0000087,APT-0000102,CUST-000366,VEH-000390,1,T007,2023-10-05T15:30:00,2023-10-05T16:44:00,customer_pay,,132.0,0.46,60.72,0.0,60.72,invoiced
RO-0000088,APT-0000103,CUST-001406,VEH-001483,1,T005,2023-10-05T15:30:00,2023-10-05T16:11:00,internal,,79.2,0.49,38.81,0.0,38.81,invoiced
RO-0000089,APT-0000104,CUST-006004,VEH-007333,1,T007,2023-10-05T07:15:00,2023-10-05T08:18:00,warranty,,105.6,0.43,45.41,0.0,45.41,invoiced
RO-0000090,APT-0000105,CUST-011743,VEH-015318,1,T003,2023-10-05T08:30:00,2023-10-05T11:43:00,customer_pay,,132.0,3.16,417.12,591.87,1008.99,invoiced
RO-0000091,APT-0000106,CUST-016191,VEH-021478,1,T001,2023-10-05T15:15:00,2023-10-05T16:12:00,customer_pay,,132.0,0.5,66.0,0.0,66.0,invoiced
RO-0000092,APT-0000107,CUST-008832,VEH-011263,1,T004,2023-10-05T07:15:00,2023-10-05T08:47:00,customer_pay,,132.0,0.95,125.4,85.87,211.27,invoiced
RO-0000093,APT-0000108,CUST-011954,VEH-015620,1,T007,2023-10-05T10:15:00,2023-10-05T12:42:00,customer_pay,,132.0,1.89,249.48,142.4,391.88,invoiced
RO-0000094,APT-0000109,CUST-010104,VEH-013064,1,T005,2023-10-05T11:30:00,2023-10-05T13:19:00,customer_pay,,132.0,1.17,154.44,0.0,154.44,invoiced
RO-0000095,APT-0000110,CUST-015283,VEH-020200,1,T003,2023-10-05T13:45:00,2023-10-05T15:52:00,customer_pay,,132.0,1.91,252.12,100.3,352.42,invoiced
RO-0000096,APT-0000111,CUST-000876,VEH-000928,1,T006,2023-10-05T13:30:00,2023-10-05T16:09:00,internal,,79.2,2.47,195.62,214.32,598.34,invoiced
RO-0000097,APT-0000112,CUST-013293,VEH-017441,1,T007,2023-10-05T10:15:00,2023-10-05T12:30:00,customer_pay,,132.0,1.97,260.04,116.66,376.7,invoiced
RO-0000098,APT-0000113,CUST-007746,VEH-009757,1,T006,2023-10-05T13:45:00,2023-10-05T14:46:00,customer_pay,,132.0,0.65,85.8,26.48,112.28,invoiced
RO-0000099,APT-0000114,CUST-017411,VEH-023212,1,T005,2023-10-06T12:00:00,2023-10-06T12:40:00,customer_pay,,132.0,0.61,80.52,22.76,170.16,invoiced
RO-0000100,APT-0000115,CUST-014892,VEH-019659,1,T002,2023-10-06T14:45:00,2023-10-06T15:27:00,warranty,,105.6,0.41,43.3,26.02,69.32,invoiced
