line_id,ro_id,service_code,description,labor_hours,labor_amount,parts_amount,line_amount,is_upsell
LINE-0000001,RO-0000001,TIRE-REP,Tire Repair (Puncture),0.57,60.19,28.8,88.99,False
LINE-0000002,RO-0000002,DIAG-CEL,Check Engine Light Diagnostics,0.85,89.76,0.0,89.76,False
LINE-0000003,RO-0000003,TIRE-ROT,Tire Rotation,0.44,58.08,0.0,58.08,False
LINE-0000004,RO-0000004,DIAG-NOISE,Noise / Vibration Diagnostics,1.04,137.28,0.0,137.28,False
LINE-0000005,RO-0000005,TIRE-REP,Tire Repair (Puncture),0.76,100.32,25.98,126.3,False
LINE-0000006,RO-0000006,OIL-SYN,Synthetic Oil Change,0.43,56.76,67.13,123.89,False
LINE-0000007,RO-0000007,DIAG-CEL,Check Engine Light Diagnostics,0.94,124.08,0.0,124.08,False
LINE-0000008,RO-0000008,ALIGN-4W,Four-Wheel Alignment,1.16,153.12,0.0,153.12,False
LINE-0000009,RO-0000009,TIRE-ROT,Tire Rotation,0.47,49.63,0.0,49.63,False
LINE-0000010,RO-0000010,OIL-CONV,Conventional Oil Change,0.49,51.74,33.11,84.85,False
LINE-0000011,RO-0000011,OIL-SYN,Synthetic Oil Change,0.47,62.04,61.68,123.72,False
LINE-0000012,RO-0000012,TIRE-ROT,Tire Rotation,0.42,44.35,0.0,44.35,False
LINE-0000013,RO-0000013,SVC-30K,30K Mile Scheduled Service,2.34,308.88,225.52,534.4,False
LINE-0000014,RO-0000014,AC-SVC,AC System Service and Recharge,1.35,142.56,137.42,279.98,False
LINE-0000015,RO-0000015,BRAKE-PAD-R,Rear Brake Pad Replacement,1.97,260.04,168.77,428.81,False
LINE-0000016,RO-0000016,OIL-CONV,Conventional Oil Change,0.44,58.08,39.12,97.2,False
LINE-0000017,RO-0000017,BRAKE-PAD-F,Front Brake Pad Replacement,1.56,205.92,103.23,309.15,False
LINE-0000018,RO-0000017,TIRE-ROT,Tire Rotation (inspection finding),0.3,39.6,0.22,39.82,True
LINE-0000019,RO-0000018,SUSP-STRUT,Strut/Shock Replacement,2.55,269.28,293.49,562.77,False
LINE-0000020,RO-0000019,OIL-CONV,Conventional Oil Change,0.41,54.12,29.03,83.15,False
LINE-0000021,RO-0000020,TIRE-REPL,Tire Replacement (Set of 4),1.17,92.66,640.23,732.89,False
LINE-0000022,RO-0000021,TIRE-ROT,Tire Rotation,0.44,58.08,0.0,58.08,False
LINE-0000023,RO-0000022,SVC-30K,30K Mile Scheduled Service,2.44,193.25,275.5,468.75,False
LINE-0000024,RO-0000023,SVC-30K,30K Mile Scheduled Service,2.21,291.72,247.44,539.16,False
LINE-0000025,RO-0000024,SUSP-STRUT,Strut/Shock Replacement,2.8,295.68,516.64,812.32,False
LINE-0000026,RO-0000025,DIAG-NOISE,Noise / Vibration Diagnostics,0.91,96.1,0.0,96.1,False
LINE-0000027,RO-0000026,OIL-CONV,Conventional Oil Change,0.49,51.74,39.57,91.31,False
LINE-0000028,RO-0000027,ALIGN-4W,Four-Wheel Alignment,1.15,151.8,0.0,151.8,False
LINE-0000029,RO-0000028,OIL-CONV,Conventional Oil Change,0.41,43.3,38.0,81.3,False
LINE-0000030,RO-0000028,AC-SVC,AC System Service and Recharge (inspection finding),0.75,99.0,41.9,140.9,True
LINE-0000031,RO-0000029,BRAKE-PAD-R,Rear Brake Pad Replacement,1.98,261.36,120.68,382.04,False
LINE-0000032,RO-0000030,TIRE-ROT,Tire Rotation,0.49,51.74,0.0,51.74,False
LINE-0000033,RO-0000031,TRANS-SVC,Transmission Fluid Service,1.83,193.25,124.63,317.88,False
LINE-0000034,RO-0000032,OIL-SYN,Synthetic Oil Change,0.44,58.08,66.66,124.74,False
LINE-0000035,RO-0000033,BATTERY-REPL,Battery Replacement and Test,0.45,59.4,169.96,229.36,False
LINE-0000036,RO-0000033,SVC-30K,30K Mile Scheduled Service (inspection finding),1.26,166.32,84.88,251.2,True
LINE-0000037,RO-0000034,DIAG-NOISE,Noise / Vibration Diagnostics,1.08,142.56,0.0,142.56,False
LINE-0000038,RO-0000035,TIRE-REP,Tire Repair (Puncture),0.72,76.03,19.12,95.15,False
LINE-0000039,RO-0000036,TIRE-REPL,Tire Replacement (Set of 4),1.13,149.16,747.01,896.17,False
LINE-0000040,RO-0000037,OIL-SYN,Synthetic Oil Change,0.48,63.36,68.31,131.67,False
LINE-0000041,RO-0000038,AC-SVC,AC System Service and Recharge,1.34,176.88,105.13,282.01,False
LINE-0000042,RO-0000038,COOLANT-FLUSH,Coolant System Flush (inspection finding),0.55,72.6,27.46,100.06,True
LINE-0000043,RO-0000039,RECALL-SVC,Recall Campaign Service,1.31,172.92,0.0,172.92,False
LINE-0000044,RO-0000040,STATE-INSP,State Safety/Emissions Inspection,0.56,59.14,19.71,78.85,False
LINE-0000045,RO-0000041,STATE-INSP,State Safety/Emissions Inspection,0.57,75.24,8.1,83.34,False
LINE-0000046,RO-0000042,BRAKE-PAD-F,Front Brake Pad Replacement,1.59,209.88,166.2,376.08,False
LINE-0000047,RO-0000043,OIL-CONV,Conventional Oil Change,0.41,54.12,30.7,84.82,False
LINE-0000048,RO-0000044,TIRE-ROT,Tire Rotation,0.41,54.12,0.0,54.12,False
LINE-0000049,RO-0000045,TIRE-ROT,Tire Rotation,0.49,51.74,0.0,51.74,False
LINE-0000050,RO-0000046,TIRE-ROT,Tire Rotation,0.48,63.36,0.0,63.36,False
LINE-0000051,RO-0000047,TIRE-ROT,Tire Rotation,0.48,63.36,0.0,63.36,False
LINE-0000052,RO-0000048,SUSP-STRUT,Strut/Shock Replacement,2.87,378.84,380.9,759.74,False
LINE-0000053,RO-0000049,STATE-INSP,State Safety/Emissions Inspection,0.6,79.2,7.99,87.19,False
LINE-0000054,RO-0000049,SVC-90K,90K Mile Scheduled Service (inspection finding),2.38,314.16,202.28,516.44,True
LINE-0000055,RO-0000050,AC-SVC,AC System Service and Recharge,1.31,172.92,117.09,290.01,False
LINE-0000056,RO-0000051,DIAG-CEL,Check Engine Light Diagnostics,0.82,108.24,0.0,108.24,False
LINE-0000057,RO-0000051,SVC-90K,90K Mile Scheduled Service (inspection finding),2.38,314.16,125.48,439.64,True
LINE-0000058,RO-0000052,TRANS-SVC,Transmission Fluid Service,1.88,198.53,151.55,350.08,False
LINE-0000059,RO-0000053,OIL-SYN,Synthetic Oil Change,0.46,48.58,68.67,117.25,False
LINE-0000060,RO-0000054,WIPER-REPL,Wiper Blade Replacement,0.29,38.28,24.96,63.24,False
LINE-0000061,RO-0000055,TIRE-REP,Tire Repair (Puncture),0.8,105.6,23.2,128.8,False
LINE-0000062,RO-0000056,OIL-CONV,Conventional Oil Change,0.41,54.12,39.5,93.62,False
LINE-0000063,RO-0000057,TIRE-ROT,Tire Rotation,0.43,56.76,0.0,56.76,False
LINE-0000064,RO-0000058,TIRE-ROT,Tire Rotation,0.49,64.68,0.0,64.68,False
LINE-0000065,RO-0000058,AC-REPAIR,AC Compressor Repair (inspection finding),1.58,208.56,230.87,439.43,True
LINE-0000066,RO-0000059,DIAG-CEL,Check Engine Light Diagnostics,0.94,124.08,0.0,124.08,False
LINE-0000067,RO-0000060,OIL-SYN,Synthetic Oil Change,0.47,62.04,80.9,142.94,False
LINE-0000068,RO-0000061,TIRE-ROT,Tire Rotation,0.44,46.46,0.0,46.46,False
LINE-0000069,RO-0000061,TIRE-REP,Tire Repair (Puncture) (inspection finding),0.41,54.12,7.91,62.03,True
LINE-0000070,RO-0000062,BATTERY-REPL,Battery Replacement and Test,0.42,44.35,161.5,205.85,False
LINE-0000071,RO-0000063,STATE-INSP,State Safety/Emissions Inspection,0.58,45.94,16.07,62.01,False
LINE-0000072,RO-0000063,SVC-30K,30K Mile Scheduled Service (inspection finding),1.37,180.84,61.44,242.28,True
LINE-0000073,RO-0000064,OIL-SYN,Synthetic Oil Change,0.46,60.72,68.52,129.24,False
LINE-0000074,RO-0000065,COOLANT-FLUSH,Coolant System Flush,0.92,121.44,89.3,210.74,False
LINE-0000075,RO-0000066,OIL-CONV,Conventional Oil Change,0.48,63.36,29.95,93.31,False
LINE-0000076,RO-0000067,BATTERY-REPL,Battery Replacement and Test,0.57,75.24,134.73,209.97,False
LINE-0000077,RO-0000068,DIAG-CEL,Check Engine Light Diagnostics,0.96,126.72,0.0,126.72,False
LINE-0000078,RO-0000068,DIAG-CEL,Check Engine Light Diagnostics (inspection finding),0.54,71.28,0.33,71.61,True
LINE-0000079,RO-0000069,OIL-SYN,Synthetic Oil Change,0.48,63.36,63.37,126.73,False
LINE-0000080,RO-0000069,BRAKE-PAD-R,Rear Brake Pad Replacement (inspection finding),0.94,124.08,79.87,203.95,True
LINE-0000081,RO-0000070,AC-SVC,AC System Service and Recharge,1.43,188.76,76.09,264.85,False
LINE-0000082,RO-0000071,AC-SVC,AC System Service and Recharge,1.24,163.68,134.09,297.77,False
LINE-0000083,RO-0000072,DIAG-NOISE,Noise / Vibration Diagnostics,0.91,96.1,0.0,96.1,False
LINE-0000084,RO-0000073,STATE-INSP,State Safety/Emissions Inspection,0.6,79.2,19.35,98.55,False
LINE-0000085,RO-0000074,OIL-SYN,Synthetic Oil Change,0.42,33.26,72.7,105.96,False
LINE-0000086,RO-0000075,OIL-SYN,Synthetic Oil Change,0.43,56.76,77.12,133.88,False
LINE-0000087,RO-0000076,TIRE-ROT,Tire Rotation,0.45,59.4,0.0,59.4,False
LINE-0000088,RO-0000077,OIL-CONV,Conventional Oil Change,0.47,49.63,34.88,84.51,False
LINE-0000089,RO-0000078,TIRE-REP,Tire Repair (Puncture),0.59,77.88,16.86,94.74,False
LINE-0000090,RO-0000079,OIL-SYN,Synthetic Oil Change,0.5,66.0,62.39,128.39,False
LINE-0000091,RO-0000080,SVC-60K,60K Mile Scheduled Service,3.45,455.4,294.92,750.32,False
LINE-0000092,RO-0000081,OIL-SYN,Synthetic Oil Change,0.49,64.68,74.37,139.05,False
LINE-0000093,RO-0000082,TIRE-REP,Tire Repair (Puncture),0.75,99.0,29.5,128.5,False
LINE-0000094,RO-0000083,OIL-SYN,Synthetic Oil Change,0.42,55.44,74.2,129.64,False
LINE-0000095,RO-0000084,DIAG-CEL,Check Engine Light Diagnostics,0.81,106.92,0.0,106.92,False
LINE-0000096,RO-0000085,BRAKE-PAD-R,Rear Brake Pad Replacement,1.65,217.8,134.72,352.52,False
LINE-0000097,RO-0000086,ALIGN-4W,Four-Wheel Alignment,1.16,153.12,0.0,153.12,False
LINE-0000098,RO-0000087,TIRE-ROT,Tire Rotation,0.46,60.72,0.0,60.72,False
LINE-0000099,RO-0000088,TIRE-ROT,Tire Rotation,0.49,38.81,0.0,38.81,False
LINE-0000100,RO-0000089,TIRE-ROT,Tire Rotation,0.43,45.41,0.0,45.41,False
