vehicle_id,customer_id,year,make,model,nhtsa_model_name,vin,license_plate
VEH-000001,CUST-000001,2019,BMW,X6 M,X6,SG70J3W8XG8NMASZL,BAS-382
VEH-000002,CUST-000002,2020,Mercedes-Benz,AMG S63 4matic Plus,AMG GT,0V9KHEC7GU3YX0DJL,BDL-7332
VEH-000003,CUST-000003,2025,Mercedes-Benz,EQS 580 4matic,EQS 580 4matic,S6D3FG39HTX7ZXCZW,XNW 048
VEH-000004,CUST-000004,2015,GMC,Terrain AWD,Terrain,AA1UJ0BEHAV0Y4HMK,72G ST3
VEH-000005,CUST-000005,2015,Ford,Fusion FWD,Fusion,YXNGLT97BSKC47G9S,Q43 5KL
VEH-000006,CUST-000005,2024,Ford,Expedition Timberline AWD,Expedition,53HM7268CKNU4KYAN,84NL012
VEH-000007,CUST-000006,2022,Toyota,RAV4 AWD LE,RAV4,4M2RYSEH72V13YZLH,MVP-261
VEH-000008,CUST-000007,2026,Porsche,Taycan Turbo S Cross Turismo,Taycan,C32NVJF0HRWHA6JV8,EME-2231
VEH-000009,CUST-000008,2014,GMC,Yukon XL K10 AWD,Yukon XL,00CGTJ05A6R42X4ZC,80Y B73
VEH-000010,CUST-000009,2021,GMC,Canyon 2WD,Canyon,DAD1HM0LVRN6MBN54,601J
VEH-000011,CUST-000010,2016,Chevrolet,Spark,Spark,0FY117BBL03CPMTG9,118 9LX
VEH-000012,CUST-000011,2020,Toyota,Camry LE/SE,Camry,9NT2K2NENCLXLUDLH,3SHZ876
VEH-000013,CUST-000012,2026,Audi,RS e-tron GT Performance,RS e-tron GT,65673A02UC1CW13DH,YEB-526
VEH-000014,CUST-000013,2026,Ford,Explorer Tremor AWD,Explorer,YR4A8AXA76N2DWLZG,P64 4NO
VEH-000015,CUST-000014,2024,Volkswagen,ID.4,ID.4,P390RKPCDERWYZV65,888-906
VEH-000016,CUST-000015,2021,Lexus,IS 350 AWD,IS,ZPG1PA0F0EC65MGZD,609 RFE
VEH-000017,CUST-000016,2025,Hyundai,Kona Electric Standard Range,Kona,8J1CJ42E9CJCCS6R3,43SB722
VEH-000018,CUST-000017,2026,Honda,Pilot AWD TrailSport,Pilot,MSG0MYUT938K6R27T,90P 1754
VEH-000019,CUST-000018,2019,Mercedes-Benz,E450 Coupe,E450 Coupe,NME573GP64C8ZXCJV,JQS-782
VEH-000020,CUST-000019,2021,Nissan,Altima SR,Altima,KYSTC4GTF8ZAWV2XT,917-AJA
VEH-000021,CUST-000020,2025,Jeep,Grand Wagoneer L 4WD,Grand Wagoneer,ET6DY0F4UDC715E1R,49-25030
VEH-000022,CUST-000021,2022,Lexus,GX 460,GX,59D89XTFG8N74AKFA,988 TZ0
VEH-000023,CUST-000022,2018,Ford,Escape FWD FFV,Escape,EDNZ7Z5565EYX6J49,BTN-555
VEH-000024,CUST-000023,2025,Hyundai,Palisade AWD,Palisade,J4GC3E56UPUV4LJAK,4QK 650
VEH-000025,CUST-000024,2021,Volkswagen,Atlas,Atlas,YNLV46ZHXYF031H12,947 1OX
VEH-000026,CUST-000025,2016,GMC,Terrain FWD,Terrain,2TCMBFFKR6KWTP9CK,87-7912A
VEH-000027,CUST-000026,2027,Audi,S8,S8,PK2FSNNL4VT8THZXT,69-R602
VEH-000028,CUST-000027,2024,Mercedes-Benz,EQS 680 4matic Maybach (SUV),EQS 680 4matic Maybach (SUV),SMX9FGX3B1BYWHTFD,146GEC
VEH-000029,CUST-000028,2024,Ford,Explorer Timberline AWD,Explorer,Z5CECSUW1M8TLBXVP,JK2 6203
VEH-000030,CUST-000029,2021,Porsche,Macan Turbo,Macan,E5LNMUHNYG619GUCF,01O D80
VEH-000031,CUST-000030,2027,Mercedes-Benz,GLE450 4matic (coupe),GLE450 4matic (coupe),25CVYD72STRU86ZHP,0X-LMSQ
VEH-000032,CUST-000031,2025,Mercedes-Benz,AMG EQE 4matic Plus (SUV),AMG GT,LAJ7UDP913LLJ0MT7,900 XMT
VEH-000033,CUST-000032,2026,Nissan,Kicks,Kicks,WFUGAXLMN7Y3LRA8G,M89 2NW
VEH-000034,CUST-000033,2025,BMW,XM,XM,FCX9AFMGDGL4W0WFG,TYA P90
VEH-000035,CUST-000034,2024,Toyota,bZ4X Limited AWD,bZ,WNVY7EG54G5HYS2RP,WL8 2189
VEH-000036,CUST-000035,2019,Porsche,Cayenne,Cayenne,YP0F3V91VBJDE7ZHP,7092
VEH-000037,CUST-000036,2025,Kia,Sportage Hybrid FWD,Sportage,NFNZRT82D5AKGB5VE,431 KAH
VEH-000038,CUST-000037,2023,Audi,Q5 Sportback S-line quattro,e-tron Sportback,0Z5WTJC5K41L3CXGU,2-69064K
VEH-000039,CUST-000038,2025,Volkswagen,ID.4,ID.4,YX1V9SU9G91XL1HX6,U91-32G
VEH-000040,CUST-000039,2025,Ford,Ranger 2WD,Ranger,ZX36AVJPUBA824UDE,1L-AZBT
VEH-000041,CUST-000040,2018,Mercedes-Benz,AMG CLA45 4matic,AMG GT,5VNNVW03Z3RLXVAZT,MPX-1461
VEH-000042,CUST-000041,2026,Porsche,911 Turbo S Cabriolet,911,NC5SA5361D2FA5U65,CQY 999
VEH-000043,CUST-000041,2024,Porsche,Panamera 4,Panamera,M8GB8WT3S2D4UL82N,8877
VEH-000044,CUST-000042,2023,GMC,Canyon Mud Terrain Tires 4WD,Terrain,AE5NRBJ1VA2LMSJAK,6LSM027
VEH-000045,CUST-000043,2018,Mercedes-Benz,GLC350e 4matic,350,2S4CXJCACEA5C4ZS8,7-J5831
VEH-000046,CUST-000044,2020,Honda,Accord 2.0T Sport/Touring,Accord,E0YMEMH64CEJJNAD5,473-IGW
VEH-000047,CUST-000045,2022,BMW,M4 Competition M xDrive Coupe,M 1000 RS,8CM9KLSRXPXX8MZ7R,YQ 4451
VEH-000048,CUST-000046,2021,Honda,Pilot AWD,Pilot,T6K96D7525Z2KGTLE,0GC7133
VEH-000049,CUST-000047,2020,Hyundai,Sonata Hybrid Blue,Sonata,WM89AZ6EC8234VMSN,J13 0WB
VEH-000050,CUST-000048,2022,Jeep,Gladiator 4WD,Gladiator,BX4YHC96H4M4V5YA8,729XPS
VEH-000051,CUST-000049,2020,Honda,Accord Hybrid,Accord,M8T7M6LZDCTU893JC,3HW W31
VEH-000052,CUST-000050,2023,Kia,Sportage Hybrid FWD,Sportage,LWWSKFESUA9Y7PNSX,MZA-6682
VEH-000053,CUST-000051,2012,Kia,Optima Hybrid,Optima,Z10FE4SA1E4AGBZ7N,7N 91849
VEH-000054,CUST-000052,2020,Mercedes-Benz,GLC300 4matic,300,VT95LEZMG3M8V7MWA,34-SK18
VEH-000055,CUST-000053,2025,Kia,EV6 Standard Range RWD,EV6,FZ7GAKYLJXGZAVKBP,79X R92
VEH-000056,CUST-000054,2024,Hyundai,Ioniq 6 Long range RWD (20 inch Wheels),Ioniq 6,XX8J8FLHHFJJRN2BA,8TE6496
VEH-000057,CUST-000055,2018,Chevrolet,Cruze Premier,Cruze,HJRMGN89DSBFMTPFL,6YU6645
VEH-000058,CUST-000056,2026,Mercedes-Benz,EQS 450 Plus,EQS 450 Plus,P4R200LG9W3D18SU2,594 4EF
VEH-000059,CUST-000057,2016,Ford,Transit Connect Wagon LWB FFV,Transit,WTWKGCTJNBR5013YA,AJE-5832
VEH-000060,CUST-000058,2026,Lexus,NX 350 AWD,NX,S7B54664EZSXEFEK1,047 GGX
VEH-000061,CUST-000059,2018,Ford,F150 2WD FFV BASE PAYLOAD LT TIRE,F150 2WD FFV BASE PAYLOAD LT TIRE,M3Y2VLG9F7DBH54V5,28AX1
VEH-000062,CUST-000060,2026,Chevrolet,Silverado 4WD ZR2,Silverado,7HA5C4GFGJRB6G2X3,191W5
VEH-000063,CUST-000060,2011,Toyota,FJ Cruiser 2WD,FJ Cruiser,45MMPDLJMREST8PXH,023993
VEH-000064,CUST-000061,2018,Honda,Civic Si 4Dr,Civic,XRVVBLLBNXJWDE75L,76D 4262
VEH-000065,CUST-000062,2023,Porsche,911 Targa 4,911,7MBPW6SHLP2E89EL4,25A-VYDE
VEH-000066,CUST-000063,2024,Kia,Sportage AWD,Sportage,PT0CB6GZR0AC1CFVR,5D G4665
VEH-000067,CUST-000064,2018,Mercedes-Benz,AMG GLC43 4matic,AMG GT,XYVBFH502C55SHUX0,PVM Q18
VEH-000068,CUST-000065,2023,Nissan,ARIYA ENG Plus/EVO Plus e-4ORCE 87kWh,ARIYA ENG Plus/EVO Plus e-4ORCE 87kWh,WTU3V3X2B6RYT3KCW,TTK-6558
VEH-000069,CUST-000066,2027,Toyota,Prius AWD XLE/LTD,Prius,81XSE1J2UMTNLCMJN,034-NLNB
VEH-000070,CUST-000067,2023,Audi,e-tron S (21/22 inch wheels),e-tron,B4DH13GK7NZ172L1S,3C Q7875
VEH-000071,CUST-000068,2023,Audi,SQ7,SQ7,W5DS1UK7DBACFZ0KA,FHF-378
VEH-000072,CUST-000068,2012,BMW,X6 xDriveM,X6,P70AE4KUWGMDP9TAB,738 6962
VEH-000073,CUST-000069,2024,Audi,SQ8 Sportback e-tron (21/22 inch wheels),e-tron,1Y0B5DRZHNFYB0KVR,20-VP28
VEH-000074,CUST-000070,2022,BMW,M340i xDrive Sedan,M340i,LA9USD3HJZD44SGL5,704ZZ
VEH-000075,CUST-000071,2026,BMW,M4 Coupe,M4,7L4TMESD10D4CN84B,0A 2P1CJT
VEH-000076,CUST-000072,2025,Honda,Accord,Accord,ANADV1AM9UTMFSVTY,ZCF 336
VEH-000077,CUST-000073,2026,GMC,Canyon 4WD,Canyon,XDYRHSELCU36FJYLK,SWS 610
VEH-000078,CUST-000073,2025,Ford,F150 RAPTOR R 4WD,F150 RAPTOR R 4WD,YXZC5MZP9NZKPDYUK,LRK 233
VEH-000079,CUST-000074,2021,Porsche,Panamera 4 e-Hybrid,Panamera,7D61TJ125VY9A6FFU,3Z111
VEH-000080,CUST-000075,2027,Audi,Q8 quattro,Q8,6ZSKF7L11DESDRNNL,06-K942
VEH-000081,CUST-000076,2025,Jeep,Grand Cherokee 2WD,Grand Cherokee,Y75GHE4URDF9AN44L,FCU T31
VEH-000082,CUST-000077,2022,Ford,Transit T150 Wagon 4WD FFV,Transit,S5JRHC74G33JYT59A,0908 KH
VEH-000083,CUST-000078,2024,Hyundai,Santa Cruz FWD,Santa Cruz,F2C6U3XW59W0HBWPH,402 WK2
VEH-000084,CUST-000079,2022,Audi,R8 Coupe RWD,Coupe,C3NAVZDXFXJ917EHE,157ZKM
VEH-000085,CUST-000080,2026,Mercedes-Benz,Maybach S680 4matic,Maybach S680 4matic,MZFC3262KKB89ZJ88,774 DTO
VEH-000086,CUST-000081,2026,BMW,i4 eDrive40 Gran Coupe (18 inch wheels),i4 eDrive40 Gran Coupe (18 inch wheels),X8D5ZM79C8UFAVM5X,ZJB 311
VEH-000087,CUST-000081,2019,Porsche,911 Carrera Cabriolet,911,4GVRCF91PMAJAWK05,BKC 372
VEH-000088,CUST-000082,2025,Audi,RS e-tron GT Performance,RS e-tron GT,YGDYGM5HGRFAJUY3S,6-3698G
VEH-000089,CUST-000083,2019,BMW,430i xDrive Convertible,430i,ZP8JXJN20P1J26BGK,UUV-423
VEH-000090,CUST-000084,2013,Audi,A6,A6,MW0F0LJ75RP0DW6P5,574-260
VEH-000091,CUST-000085,2025,Nissan,ARIYA ENGAGE+/EVOLVE+ e-4ORCE 87kWh,ARIYA ENGAGE+/EVOLVE+ e-4ORCE 87kWh,T3S4HED0M8NMEZDL8,4J385
VEH-000092,CUST-000086,2010,BMW,X5 xDriveM,X5,BT9M2MWAYAY9BZG8G,7V 16421
VEH-000093,CUST-000087,2024,Volkswagen,Tiguan,Tiguan,FD9WKR3DX9L7X89UA,QAN 558
VEH-000094,CUST-000087,2026,Mercedes-Benz,Maybach S680 4matic,Maybach S680 4matic,F19W2B1ST5VFVP744,826MT
VEH-000095,CUST-000088,2014,BMW,M6 Convertible,M6,42TGRS3PKKC7YXB5X,3W 5N7JLY
VEH-000096,CUST-000088,2022,Lexus,UX 250h AWD,UX,GRDH378LFNAZWKFB3,TR-0598
VEH-000097,CUST-000089,2022,Audi,RS 7,RS 7,G6E6C9RXGVFJWLP28,9K-DYYD
VEH-000098,CUST-000090,2025,Audi,Q8 e-tron quattro (21 inch wheels),e-tron,UWMNCRJYFZUSFHXUZ,MIO 435
VEH-000099,CUST-000091,2027,Audi,S e-tron GT (21 inch wheels),S e-tron GT,NDP1R4850JXPUR4H4,472 7GN
VEH-000100,CUST-000092,2020,Jeep,Compass 4WD,Compass,LPDGXUX4FLAPU7WLZ,MLD 138
